screen_Name;text;favorited;favoriteCount;replyToSN;created;truncated;replyToSID;id;replyToUID;statusSource;screenName;retweetCount;isRetweet;retweeted;longitude;latitude
julioguzmanperu;@danielfolivares @julioguzmanperu Espero no termines como Maradona, pagó por culpa del vicio.Estás a tiempo.;FALSE;0;danielfolivares;26/11/2020 11:26;FALSE;1.33E+18;1.33E+18;266888814;"<a href=""http://twitter.com/download/android"" rel=""nofollow"">Twitter for Android</a>";claudio40528769;0;FALSE;FALSE;NA;NA
julioguzmanperu;RT @ElmoMorado: ¡Hola Morados @partidomorado! ESTE 29 VOTA 3-1-1-1 #LaListaDeLaUnidad @julioguzmanperu @suselparedes @FlorPabloMedina https…;FALSE;0;NA;26/11/2020 11:25;FALSE;;1.33E+18;NA;"<a href=""http://twitter.com/download/iphone"" rel=""nofollow"">Twitter for iPhone</a>";Fifi_gatito;21;TRUE;FALSE;NA;NA
julioguzmanperu;RT @CesarDazPretel1: @APalominoSaa @julioguzmanperu @partidomorado Julio Guzmán ? Al que odebrecht le tiro dedo y acepto haberle dado diner…;FALSE;0;NA;26/11/2020 11:22;FALSE;;1.33E+18;NA;"<a href=""http://twitter.com/download/android"" rel=""nofollow"">Twitter for Android</a>";erikavanesa10;1;TRUE;FALSE;NA;NA
julioguzmanperu;RT @APalominoSaa: Para conocimiento de la opinión pública: el día de hoy me encuentro apoyando a @julioguzmanperu en su visita a mi región…;FALSE;0;NA;26/11/2020 11:16;FALSE;;1.33E+18;NA;"<a href=""http://twitter.com/download/android"" rel=""nofollow"">Twitter for Android</a>";yvonnegraciela1;45;TRUE;FALSE;NA;NA
julioguzmanperu;@FachoJusticiero @julioguzmanperu @FSagasti Los partidos golpistas quieren desesperadamente que Julio renuncie, sab… https://t.co/CgKzAXf4Cf;FALSE;0;FachoJusticiero;26/11/2020 11:14;TRUE;1.33E+18;1.33E+18;1.20E+18;"<a href=""http://twitter.com/download/android"" rel=""nofollow"">Twitter for Android</a>";WRivasplata;0;FALSE;FALSE;NA;NA
julioguzmanperu;RT @BettySchaper1: VOTO INFORMADO!;;;;;;;;;;;;;;;
julioguzmanperu;@AlbertoBelaunde @FSagasti @julioguzmanperu @CostaGino @CIDH @Defensoria_Peru  NO MIENTAN. https://t.co/geO1MceAEe;FALSE;0;AlbertoBelaunde;26/11/2020 11:12;FALSE;;1.33E+18;16077528;"<a href=""http://twitter.com/download/android"" rel=""nofollow"">Twitter for Android</a>";RosaLuz59451741;0;FALSE;FALSE;NA;NA
julioguzmanperu;@APalominoSaa @julioguzmanperu @partidomorado Jajajaja;FALSE;0;APalominoSaa;26/11/2020 11:11;FALSE;1.33E+18;1.33E+18;1.13E+18;"<a href=""http://twitter.com/download/android"" rel=""nofollow"">Twitter for Android</a>";PedroTF;0;FALSE;FALSE;NA;NA
julioguzmanperu;@APalominoSaa @julioguzmanperu @partidomorado Julio Guzmán ? Al que odebrecht le tiro dedo y acepto haberle dado di… https://t.co/YyV0sdsqc4;FALSE;0;APalominoSaa;26/11/2020 11:10;TRUE;1.33E+18;1.33E+18;1.13E+18;"<a href=""http://twitter.com/download/android"" rel=""nofollow"">Twitter for Android</a>";CesarDazPretel1;1;FALSE;FALSE;NA;NA
julioguzmanperu;@ebsrconsultores @julioguzmanperu De acuerdo con usted, esos chicos no son técnicamente héroes, sin embargo, toda h… https://t.co/EmcXOeChhQ;FALSE;0;ebsrconsultores;26/11/2020 11:09;TRUE;1.33E+18;1.33E+18;2903224037;"<a href=""http://twitter.com/download/android"" rel=""nofollow"">Twitter for Android</a>";WRivasplata;0;FALSE;FALSE;NA;NA
julioguzmanperu;@julioguzmanperu Calla cobarde de porquería primero arregla tus problemas y los que se te vienen por exposición de… https://t.co/6Xz98uJJkD;FALSE;0;julioguzmanperu;26/11/2020 11:09;TRUE;1.33E+18;1.33E+18;3044790214;"<a href=""http://twitter.com/download/android"" rel=""nofollow"">Twitter for Android</a>";jlizon;0;FALSE;FALSE;NA;NA
julioguzmanperu;RT @BettySchaper1: Este 29 de Noviembre invito a todos los militantes morados de Lima Metropolitana a votar por la Fórmula Presidencial 3 q…;FALSE;0;NA;26/11/2020 11:04;FALSE;;1.33E+18;NA;"<a href=""https://mobile.twitter.com"" rel=""nofollow"">Twitter Web App</a>";antonio_brice;4;TRUE;FALSE;NA;NA
julioguzmanperu;@julioguzmanperu No renuncie a su candidatura siga adelante,como pueden inventar  semejante barbaridad que los dos… https://t.co/3QE0u2ydB9;FALSE;0;julioguzmanperu;26/11/2020 11:04;TRUE;1.33E+18;1.33E+18;3044790214;"<a href=""http://twitter.com/download/android"" rel=""nofollow"">Twitter for Android</a>";Margari79135071;0;FALSE;FALSE;NA;NA
julioguzmanperu;RT @APalominoSaa: Para conocimiento de la opinión pública: el día de hoy me encuentro apoyando a @julioguzmanperu en su visita a mi región…;FALSE;0;NA;26/11/2020 11:04;FALSE;;1.33E+18;NA;"<a href=""http://twitter.com/download/android"" rel=""nofollow"">Twitter for Android</a>";veroca327;45;TRUE;FALSE;NA;NA
julioguzmanperu;RT @elluchadork: @APalominoSaa @julioguzmanperu @partidomorado Consulta y el Partido Morado aún sigue con su idea d postular a la Presidenc…;FALSE;0;NA;26/11/2020 11:01;FALSE;;1.33E+18;NA;"<a href=""http://twitter.com/download/android"" rel=""nofollow"">Twitter for Android</a>";Jesusma07658585;1;TRUE;FALSE;NA;NA
julioguzmanperu;RT @chore346: @APalominoSaa @julioguzmanperu @partidomorado Significa que está haciendo campaña mientras estamos en crisis sanitaria, crisi…;FALSE;0;NA;26/11/2020 11:00;FALSE;;1.33E+18;NA;"<a href=""http://twitter.com/download/android"" rel=""nofollow"">Twitter for Android</a>";Jesusma07658585;1;TRUE;FALSE;NA;NA
julioguzmanperu;FALSE;0;APalominoSaa;26/11/2020 11:00;TRUE;1.33E+18;1.33E+18;1.13E+18;"<a href=""http://twitter.com/download/android"" rel=""nofollow"">Twitter for Android</a>";Jesusma07658585;0;;FALSE;;NA;
julioguzmanperu;@APalominoSaa @julioguzmanperu @partidomorado Es lo que corresponde. A pero hay otros que viajan y justifican gasto… https://t.co/dPWrcbxXPo;FALSE;1;APalominoSaa;26/11/2020 10:57;TRUE;1.33E+18;1.33E+18;1.13E+18;"<a href=""http://twitter.com/download/android"" rel=""nofollow"">Twitter for Android</a>";KristhianWA;0;FALSE;FALSE;NA;NA
julioguzmanperu;@CsarAugustoRey2 @AlbertoBelaunde @julioguzmanperu @canalN_ @americatv_peru @Latina_pe @RPPNoticias Ecasa se Patric… https://t.co/Mq6XU19SJj;FALSE;0;CsarAugustoRey2;26/11/2020 10:52;TRUE;1.33E+18;1.33E+18;9.20E+17;"<a href=""http://twitter.com/download/android"" rel=""nofollow"">Twitter for Android</a>";miguelssian;0;FALSE;FALSE;NA;NA
julioguzmanperu;RT @RafaelRomeroVas: Problemas dentro del @partidomorado. Pedro Gamio dice que no hay una cancha plana y que estaría inclinada a favor de @…;FALSE;0;NA;26/11/2020 10:52;FALSE;;1.33E+18;NA;"<a href=""http://twitter.com/download/android"" rel=""nofollow"">Twitter for Android</a>";RenePari5;41;TRUE;FALSE;NA;NA
julioguzmanperu;@APalominoSaa @julioguzmanperu @partidomorado Son gestos como estos los que nos ayudan a elegir entre los congresis… https://t.co/EtYMdbBYhg;FALSE;1;APalominoSaa;26/11/2020 10:46;TRUE;1.33E+18;1.33E+18;1.13E+18;"<a href=""http://twitter.com/download/android"" rel=""nofollow"">Twitter for Android</a>";JojoNonetheless;0;FALSE;FALSE;NA;NA
julioguzmanperu;@katekathecat @julioguzmanperu Después de las elecciones haber si se acuerdan.;FALSE;0;katekathecat;26/11/2020 10:46;FALSE;1.33E+18;1.33E+18;1.02E+18;"<a href=""http://twitter.com/download/android"" rel=""nofollow"">Twitter for Android</a>";CkSuperBlur;0;FALSE;FALSE;NA;NA
julioguzmanperu;RT @ElmoMorado: ¡Hola Morados @partidomorado! ESTE 29 VOTA 3-1-1-1 #LaListaDeLaUnidad @julioguzmanperu @suselparedes @FlorPabloMedina https…;FALSE;0;NA;26/11/2020 10:12;FALSE;;1.33E+18;NA;"<a href=""http://twitter.com/download/android"" rel=""nofollow"">Twitter for Android</a>";alirafo2;21;TRUE;FALSE;NA;NA
julioguzmanperu;RT @julioguzmanperu: Atentar contra el mural de Inti y Bryan es atentar contra su memoria y la valentía de miles de jóvenes que marcharon p…;FALSE;0;NA;26/11/2020 09:59;FALSE;;1.33E+18;NA;"<a href=""http://twitter.com/download/android"" rel=""nofollow"">Twitter for Android</a>";alanbravog;178;TRUE;FALSE;NA;NA
julioguzmanperu;@UrsulaMoscoso @julioguzmanperu @FlorPabloMedina Carolina Lizárraga es una dama, coherente entre lo que dice y lo q… https://t.co/6y4cjneCtj;FALSE;0;UrsulaMoscoso;26/11/2020 09:57;TRUE;1.33E+18;1.33E+18;8.76E+17;"<a href=""http://twitter.com/download/iphone"" rel=""nofollow"">Twitter for iPhone</a>";Enriquecr;0;FALSE;FALSE;NA;NA
julioguzmanperu;@julioguzmanperu A estos delincuentes todo el peso de ley, dolidos dejen en paz a los HÉROES.;FALSE;0;julioguzmanperu;26/11/2020 09:29;FALSE;1.33E+18;1.33E+18;3044790214;"<a href=""http://twitter.com/download/android"" rel=""nofollow"">Twitter for Android</a>";raaguilarb;0;FALSE;FALSE;NA;NA
julioguzmanperu;RT @RafaelRomeroVas: Problemas dentro del @partidomorado. Pedro Gamio dice que no hay una cancha plana y que estaría inclinada a favor de @…;FALSE;0;NA;26/11/2020 09:20;FALSE;;1.33E+18;NA;"<a href=""http://twitter.com/download/android"" rel=""nofollow"">Twitter for Android</a>";MERYDELPILAR1;41;TRUE;FALSE;NA;NA
julioguzmanperu;@APalominoSaa @chore346 @julioguzmanperu @partidomorado Campaña apoyando al sr. Guzmán no??? Ese señor que engaño a… https://t.co/Cel2Vt0AAT;FALSE;0;APalominoSaa;26/11/2020 08:48;TRUE;1.33E+18;1.33E+18;1.13E+18;"<a href=""http://twitter.com/download/android"" rel=""nofollow"">Twitter for Android</a>";imgpepe;0;FALSE;FALSE;NA;NA
julioguzmanperu;RT @WendyAv49208199: @juantaboada1965 @tema0902 @Cluzcar @julioguzmanperu Todo el que invite a Vizcarra se sentirá opacado. Es algo psicoló…;FALSE;0;NA;26/11/2020 08:38;FALSE;;1.33E+18;NA;"<a href=""https://mobile.twitter.com"" rel=""nofollow"">Twitter Web App</a>";juantaboada1965;1;TRUE;FALSE;NA;NA
julioguzmanperu;@DianaBella0 @Cluzcar @julioguzmanperu Oh no, no con Ollanta, él también está acusado.;FALSE;0;DianaBella0;26/11/2020 08:26;FALSE;1.33E+18;1.33E+18;1.28E+18;"<a href=""http://twitter.com/download/android"" rel=""nofollow"">Twitter for Android</a>";Anarefue;0;FALSE;FALSE;NA;NA
julioguzmanperu;@Cluzcar @MariaTeresa0522 @julioguzmanperu Tengo mis sospechas de que va a ir con Forsyth;FALSE;1;Cluzcar;26/11/2020 08:22;FALSE;1.33E+18;1.33E+18;282155394;"<a href=""http://twitter.com/download/android"" rel=""nofollow"">Twitter for Android</a>";Anarefue;0;FALSE;FALSE;NA;NA
julioguzmanperu;RT @Sumacflores: @APalominoSaa @lismelendezpm @julioguzmanperu @partidomorado Los congresistas y otros funcionarios públicos NO deberían pa…;FALSE;0;NA;26/11/2020 08:22;FALSE;;1.33E+18;NA;"<a href=""http://twitter.com/download/android"" rel=""nofollow"">Twitter for Android</a>";Itzadesign;1;TRUE;FALSE;NA;NA
julioguzmanperu;@julioguzmanperu En la parte superior: arte, paciencia, imaginación, creatividad, destreza, orgullo, sensibilidad,… https://t.co/kalRBs0CVJ;FALSE;0;julioguzmanperu;26/11/2020 08:21;TRUE;1.33E+18;1.33E+18;3044790214;"<a href=""http://twitter.com/download/android"" rel=""nofollow"">Twitter for Android</a>";AlvaroM_o;0;FALSE;FALSE;NA;NA
julioguzmanperu;@APalominoSaa @julioguzmanperu @partidomorado Qué buen gesto <U+0001F44F><U+0001F44F> y que sirva de ejemplo paea los demás;FALSE;1;APalominoSaa;26/11/2020 08:18;FALSE;1.33E+18;1.33E+18;1.13E+18;"<a href=""http://twitter.com/download/android"" rel=""nofollow"">Twitter for Android</a>";cal_an;0;FALSE;FALSE;NA;NA
julioguzmanperu;@JuanCGiron23 @mitt54 @evytame @katekathecat @julioguzmanperu Yo te apoyo @mitt54 porque es aun más tonto pensar qu… https://t.co/exZ1P3EU9w;FALSE;0;JuanCGiron23;26/11/2020 08:15;TRUE;1.33E+18;1.33E+18;1.27E+18;"<a href=""http://twitter.com/download/android"" rel=""nofollow"">Twitter for Android</a>";AlvaroM_o;0;FALSE;FALSE;NA;NA
julioguzmanperu;@ElmoMorado @partidomorado @julioguzmanperu @suselparedes @FlorPabloMedina buena táctica ahora se me pego :/;FALSE;0;ElmoMorado;26/11/2020 08:04;FALSE;1.33E+18;1.33E+18;1.33E+18;"<a href=""http://twitter.com/download/android"" rel=""nofollow"">Twitter for Android</a>";NaiaraC40393032;0;FALSE;FALSE;NA;NA
julioguzmanperu;@elluchadork @APalominoSaa @julioguzmanperu @partidomorado Si la gente cree que no garantiza la neutralidad, por qu… https://t.co/C4RVbaP3Lh;FALSE;0;elluchadork;26/11/2020 07:55;TRUE;1.33E+18;1.33E+18;9.43E+17;"<a href=""https://mobile.twitter.com"" rel=""nofollow"">Twitter Web App</a>";MusashiSimon;0;FALSE;FALSE;NA;NA
julioguzmanperu;@rjyinki @APalominoSaa @julioguzmanperu @partidomorado Créeme, los que votamos por el partido morado probablemente… https://t.co/3NpONyjWJt;FALSE;0;rjyinki;26/11/2020 07:54;TRUE;1.33E+18;1.33E+18;174838156;"<a href=""https://mobile.twitter.com"" rel=""nofollow"">Twitter Web App</a>";MusashiSimon;0;FALSE;FALSE;NA;NA
julioguzmanperu;@APalominoSaa @AUGUSTO86321713 @julioguzmanperu @partidomorado Asi pidas licencia lo etico no es dejar de cobrar so… https://t.co/ogb3qlxevp;FALSE;0;APalominoSaa;26/11/2020 07:53;TRUE;1.33E+18;1.33E+18;1.13E+18;"<a href=""http://twitter.com/download/iphone"" rel=""nofollow"">Twitter for iPhone</a>";sudamericalibre;0;FALSE;FALSE;NA;NA
julioguzmanperu;@APalominoSaa @zicozocialvol2 @julioguzmanperu @partidomorado Así o más graciosa, ahora hay que aprovechar de hacer… https://t.co/R3J4oDLmvx;FALSE;0;APalominoSaa;26/11/2020 07:52;TRUE;1.33E+18;1.33E+18;1.13E+18;"<a href=""http://twitter.com/download/android"" rel=""nofollow"">Twitter for Android</a>";yamoriyeyeo;0;FALSE;FALSE;NA;NA
julioguzmanperu;@cemar27 @Cluzcar @julioguzmanperu Esa decisión no la toma ella;FALSE;0;cemar27;26/11/2020 07:35;FALSE;1.33E+18;1.33E+18;4822164153;"<a href=""https://mobile.twitter.com"" rel=""nofollow"">Twitter Web App</a>";Pandora3777;0;FALSE;FALSE;NA;NA
julioguzmanperu;@luisarmando1821 @Cluzcar @juantaboada1965 @julioguzmanperu Por no aceptar a Vizcarra? jajaja yo tampoco lo aceptaría, sería mucho riesgo.;FALSE;0;luisarmando1821;26/11/2020 07:34;FALSE;1.33E+18;1.33E+18;2979778437;"<a href=""https://mobile.twitter.com"" rel=""nofollow"">Twitter Web App</a>";Pandora3777;0;FALSE;FALSE;NA;NA
julioguzmanperu;@Fernando1037 @qg_veronica @Cluzcar @julioguzmanperu sólo en lo primero concuerdo contigo.;FALSE;0;Fernando1037;26/11/2020 07:34;FALSE;1.33E+18;1.33E+18;131246969;"<a href=""https://mobile.twitter.com"" rel=""nofollow"">Twitter Web App</a>";Pandora3777;0;FALSE;FALSE;NA;NA
julioguzmanperu;@qg_veronica @Cluzcar @julioguzmanperu Por no aceptar a Vizcarra? yo creo que ha hecho bien.;FALSE;0;qg_veronica;26/11/2020 07:33;FALSE;1.33E+18;1.33E+18;1.18E+18;"<a href=""https://mobile.twitter.com"" rel=""nofollow"">Twitter Web App</a>";Pandora3777;0;FALSE;FALSE;NA;NA
julioguzmanperu;@Cluzcar @julioguzmanperu Yo tampoco me arriesgaría, Vizcarra ha demostrado simpatía pero fragilidad a la vez por n… https://t.co/a3raoSEcuQ;FALSE;1;Cluzcar;26/11/2020 07:32;TRUE;1.33E+18;1.33E+18;282155394;"<a href=""https://mobile.twitter.com"" rel=""nofollow"">Twitter Web App</a>";Pandora3777;0;FALSE;FALSE;NA;NA
julioguzmanperu;@netobusta @Cluzcar @julioguzmanperu No se puede arriesgar.;FALSE;0;netobusta;26/11/2020 07:31;FALSE;1.33E+18;1.33E+18;7.53E+17;"<a href=""https://mobile.twitter.com"" rel=""nofollow"">Twitter Web App</a>";Pandora3777;0;FALSE;FALSE;NA;NA
julioguzmanperu;@julioguzmanperu Guzmán tú eres uno de los culpables por insitar a que salgan a las calles en estado de emergencia… https://t.co/bl1eWEXUFp;FALSE;0;julioguzmanperu;26/11/2020 07:29;TRUE;1.33E+18;1.33E+18;3044790214;"<a href=""http://twitter.com/download/android"" rel=""nofollow"">Twitter for Android</a>";Jaky57Jaky;0;FALSE;FALSE;NA;NA
julioguzmanperu;@APalominoSaa @julioguzmanperu @partidomorado Consulta y el Partido Morado aún sigue con su idea d postular a la Pr… https://t.co/V2etuK7kYC;FALSE;0;APalominoSaa;26/11/2020 07:28;TRUE;1.33E+18;1.33E+18;1.13E+18;"<a href=""http://twitter.com/download/android"" rel=""nofollow"">Twitter for Android</a>";elluchadork;1;FALSE;FALSE;NA;NA
julioguzmanperu;@julioguzmanperu Mira renacuajo golpistas remedo de Fernando Camacho tú eres el único responsable de la muerte de e… https://t.co/Lpnl0ITcUJ;FALSE;0;julioguzmanperu;26/11/2020 07:25;TRUE;1.33E+18;1.33E+18;3044790214;"<a href=""http://twitter.com/download/android"" rel=""nofollow"">Twitter for Android</a>";Marita85733649;0;FALSE;FALSE;NA;NA
julioguzmanperu;@juantaboada1965 @tema0902 @Cluzcar @julioguzmanperu Todo el que invite a Vizcarra se sentirá opacado. Es algo psic… https://t.co/vjXNGuRxai;FALSE;2;juantaboada1965;26/11/2020 07:24;TRUE;1.33E+18;1.33E+18;1602564134;"<a href=""http://twitter.com/download/iphone"" rel=""nofollow"">Twitter for iPhone</a>";WendyAv49208199;1;FALSE;FALSE;NA;NA
julioguzmanperu;RT @derecharepublic: @APalominoSaa @AUGUSTO86321713 @julioguzmanperu @partidomorado Jajajaa si como no. Eso lo hacen para que no salgan rep…;FALSE;0;NA;26/11/2020 07:21;FALSE;;1.33E+18;NA;"<a href=""http://twitter.com/download/android"" rel=""nofollow"">Twitter for Android</a>";derecharepublic;1;TRUE;FALSE;NA;NA
julioguzmanperu;@APalominoSaa @AUGUSTO86321713 @julioguzmanperu @partidomorado Jajajaa si como no. Eso lo hacen para que no salgan… https://t.co/g0WKWybhia;FALSE;0;APalominoSaa;26/11/2020 07:21;TRUE;1.33E+18;1.33E+18;1.13E+18;"<a href=""http://twitter.com/download/android"" rel=""nofollow"">Twitter for Android</a>";derecharepublic;1;FALSE;FALSE;NA;NA
julioguzmanperu;RT @rjyinki: @APalominoSaa @julioguzmanperu @partidomorado La eligieron para legislar por sus electores, lo correcto sería que lo haga.;;;;;;;;;;;;;;;
julioguzmanperu;FALSE;0;NA;26/11/2020 07:17;FALSE;NA;1.33E+18;NA;"<a href=""http://twitter.com/download/android"" rel=""nofollow"">Twitter for Android</a>";AUGUSTO86321713;0;;FALSE;;NA;
julioguzmanperu;RT @APalominoSaa: @chore346 @julioguzmanperu @partidomorado Gracias por tu comentario. Si sigues mi trabajo verás que en ningún momento he…;FALSE;0;NA;26/11/2020 07:17;FALSE;;1.33E+18;NA;"<a href=""http://twitter.com/download/android"" rel=""nofollow"">Twitter for Android</a>";AUGUSTO86321713;0;TRUE;FALSE;NA;NA
julioguzmanperu;RT @APalominoSaa: @LishaPalau @julioguzmanperu @partidomorado Gracias por su consejo, quiero que sepa que nunca descuido mis obligaciones.…;FALSE;0;NA;26/11/2020 07:16;FALSE;;1.33E+18;NA;"<a href=""http://twitter.com/download/android"" rel=""nofollow"">Twitter for Android</a>";AUGUSTO86321713;1;TRUE;FALSE;NA;NA
julioguzmanperu;RT @APalominoSaa: Para conocimiento de la opinión pública: el día de hoy me encuentro apoyando a @julioguzmanperu en su visita a mi región…;FALSE;0;NA;26/11/2020 07:16;FALSE;;1.33E+18;NA;"<a href=""http://twitter.com/download/android"" rel=""nofollow"">Twitter for Android</a>";AUGUSTO86321713;45;TRUE;FALSE;NA;NA
julioguzmanperu;@katekathecat @julioguzmanperu Polícias muertos por lá corrupcion de su misma institución que seguramente les diero… https://t.co/TvZNsKPFCi;FALSE;0;katekathecat;26/11/2020 07:14;TRUE;1.33E+18;1.33E+18;1.02E+18;"<a href=""http://twitter.com/download/iphone"" rel=""nofollow"">Twitter for iPhone</a>";YuriLoayza;0;FALSE;FALSE;NA;NA
julioguzmanperu;RT @julioguzmanperu: Atentar contra el mural de Inti y Bryan es atentar contra su memoria y la valentía de miles de jóvenes que marcharon p…;FALSE;0;NA;26/11/2020 06:52;FALSE;;1.33E+18;NA;"<a href=""http://twitter.com/download/android"" rel=""nofollow"">Twitter for Android</a>";PYunganina;178;TRUE;FALSE;NA;NA
julioguzmanperu;"@julioguzmanperu A los miles de ""generación equivocada"" estoy segura q ellos no los representan salvó tengan las mi… https://t.co/GBqTWUQVSK";FALSE;0;julioguzmanperu;26/11/2020 06:47;TRUE;1.33E+18;1.33E+18;3044790214;"<a href=""http://twitter.com/download/android"" rel=""nofollow"">Twitter for Android</a>";mariana30158;0;FALSE;FALSE;NA;NA
julioguzmanperu;RT @Kuaras1: Ya saben;;;;;;;;;;;;;;;
julioguzmanperu;FALSE;0;NA;26/11/2020 06:32;FALSE;NA;1.33E+18;NA;"<a href=""http://twitter.com/download/iphone"" rel=""nofollow"">Twitter for iPhone</a>";DiegoARojas6;7;;FALSE;;NA;
julioguzmanperu;;;;;;;;;;;;;;;;
julioguzmanperu;;;;;;;;;;;;;;;;
julioguzmanperu;;;;;;;;;;;;;;;;
julioguzmanperu;FALSE;0;NA;26/11/2020 06:29;FALSE;NA;1.33E+18;NA;"<a href=""https://mobile.twitter.com"" rel=""nofollow"">Twitter Web App</a>";Jonathan_luis_c;1;;FALSE;;NA;
julioguzmanperu;RT @BettySchaper1: VOTO INFORMADO!;;;;;;;;;;;;;;;
julioguzmanperu;@chore346 @julioguzmanperu @partidomorado Sí, estoy dando más del 100% y no me he tomado unos días, solo uno, mient… https://t.co/f18n73boh7;FALSE;5;chore346;26/11/2020 06:28;TRUE;1.33E+18;1.33E+18;117117885;"<a href=""http://twitter.com/download/android"" rel=""nofollow"">Twitter for Android</a>";APalominoSaa;0;FALSE;FALSE;NA;NA
julioguzmanperu;;;;;;;;;;;;;;;;
julioguzmanperu;;;;;;;;;;;;;;;;
julioguzmanperu;;;;;;;;;;;;;;;;
julioguzmanperu;FALSE;3;NA;26/11/2020 06:23;FALSE;NA;1.33E+18;NA;"<a href=""https://mobile.twitter.com"" rel=""nofollow"">Twitter Web App</a>";MaxPeraltaP;1;;FALSE;;NA;
julioguzmanperu;@APalominoSaa @julioguzmanperu @partidomorado Gracias. Mi pregunta es si ud está haciendo campaña mientras estamos… https://t.co/UkL7iVBJUd;FALSE;0;APalominoSaa;26/11/2020 06:23;TRUE;1.33E+18;1.33E+18;1.13E+18;"<a href=""http://twitter.com/download/android"" rel=""nofollow"">Twitter for Android</a>";chore346;0;FALSE;FALSE;NA;NA
julioguzmanperu;RT @Opiniones_2020: Yo te recomendaría que así como eres bien hombrecito para sacarle la vuelta a tu pobre mujer que es la que te mantiene,…;FALSE;0;NA;26/11/2020 06:20;FALSE;;1.33E+18;NA;"<a href=""http://twitter.com/download/android"" rel=""nofollow"">Twitter for Android</a>";malita0550;4;TRUE;FALSE;NA;NA
julioguzmanperu;@QuintoPoderPe @partidomorado @FSagasti @julioguzmanperu Que horror! se supone que es PREcandidatura porque las ele… https://t.co/40LkKVRFjY;FALSE;0;QuintoPoderPe;26/11/2020 06:19;TRUE;1.33E+18;1.33E+18;1.00E+18;"<a href=""https://mobile.twitter.com"" rel=""nofollow"">Twitter Web App</a>";laketown115;0;FALSE;FALSE;NA;NA
julioguzmanperu;RT @Horizonte1111: @carlosa83605525 @COBRA645 @julioguzmanperu @elhigadodmarita @gildatrkovic @Conanacen @alvarosarco @Patricia_Neyra @elvi…;FALSE;0;NA;26/11/2020 06:16;FALSE;;1.33E+18;NA;"<a href=""http://twitter.com/#!/download/ipad"" rel=""nofollow"">Twitter for iPad</a>";Horizonte1111;1;TRUE;FALSE;NA;NA
julioguzmanperu;RT @APalominoSaa: Para conocimiento de la opinión pública: el día de hoy me encuentro apoyando a @julioguzmanperu en su visita a mi región…;FALSE;0;NA;26/11/2020 06:16;FALSE;;1.33E+18;NA;"<a href=""http://twitter.com/download/android"" rel=""nofollow"">Twitter for Android</a>";jrosales1978;45;TRUE;FALSE;NA;NA
julioguzmanperu;@carlosa83605525 @COBRA645 @julioguzmanperu @elhigadodmarita @gildatrkovic @Conanacen @alvarosarco @Patricia_Neyra… https://t.co/6K9oonFPWn;FALSE;0;carlosa83605525;26/11/2020 06:16;TRUE;1.33E+18;1.33E+18;1.33E+18;"<a href=""http://twitter.com/#!/download/ipad"" rel=""nofollow"">Twitter for iPad</a>";Horizonte1111;1;FALSE;FALSE;NA;NA
julioguzmanperu;"@julioguzmanperu Más bien deben hacer un mural a Maradona mi querido ""Cienfuegos""...";FALSE;0;julioguzmanperu;26/11/2020 06:06;FALSE;1.33E+18;1.33E+18;3044790214;"<a href=""http://twitter.com/download/android"" rel=""nofollow"">Twitter for Android</a>";LeoBarrera8;0;FALSE;FALSE;NA;NA
julioguzmanperu;@JavierM43014515 @julioguzmanperu Cambiemos el país? Con un cobarde que abandona a una mujer en pleno incendio? El… https://t.co/uHpNNJWo1g;FALSE;0;JavierM43014515;26/11/2020 06:02;TRUE;1.33E+18;1.33E+18;9.46E+17;"<a href=""http://twitter.com/download/android"" rel=""nofollow"">Twitter for Android</a>";J_vasquezb;0;FALSE;FALSE;NA;NA
julioguzmanperu;@nocorrupcion123 @demis_ernesto @julioguzmanperu Que sepa él no salió, si cobardemente azuzó. Para hacer la finta s… https://t.co/uL6Lm608gY;FALSE;0;nocorrupcion123;26/11/2020 05:56;TRUE;1.33E+18;1.33E+18;1.30E+18;"<a href=""http://twitter.com/download/android"" rel=""nofollow"">Twitter for Android</a>";J_vasquezb;0;FALSE;FALSE;NA;NA
julioguzmanperu;@AlcortaLourdes Lourdes, dilo abiertamente. El tipejo @julioguzmanperu es un COBARDE y mantenido, a confención de e… https://t.co/Xqu8rwn8yS;FALSE;0;AlcortaLourdes;26/11/2020 05:45;TRUE;1.33E+18;1.33E+18;378651338;"<a href=""http://twitter.com/download/android"" rel=""nofollow"">Twitter for Android</a>";JorgeCasJo1;0;FALSE;FALSE;NA;NA
julioguzmanperu;RT @julioguzmanperu: Atentar contra el mural de Inti y Bryan es atentar contra su memoria y la valentía de miles de jóvenes que marcharon p…;FALSE;0;NA;26/11/2020 05:42;FALSE;;1.33E+18;NA;"<a href=""http://twitter.com/download/android"" rel=""nofollow"">Twitter for Android</a>";eaudehyde;178;TRUE;FALSE;NA;NA
julioguzmanperu;RT @RafaelRomeroVas: Problemas dentro del @partidomorado. Pedro Gamio dice que no hay una cancha plana y que estaría inclinada a favor de @…;FALSE;0;NA;26/11/2020 05:40;FALSE;;1.33E+18;NA;"<a href=""http://twitter.com/download/android"" rel=""nofollow"">Twitter for Android</a>";Miltong3;41;TRUE;FALSE;NA;NA
julioguzmanperu;RT @julioguzmanperu: Atentar contra el mural de Inti y Bryan es atentar contra su memoria y la valentía de miles de jóvenes que marcharon p…;FALSE;0;NA;26/11/2020 05:39;FALSE;;1.33E+18;NA;"<a href=""http://twitter.com/download/android"" rel=""nofollow"">Twitter for Android</a>";sinatraiklima;178;TRUE;FALSE;NA;NA
julioguzmanperu;@Kuaras1 @julioguzmanperu Jajajaja;FALSE;0;Kuaras1;26/11/2020 05:38;FALSE;1.33E+18;1.33E+18;1.14E+18;"<a href=""http://twitter.com/download/android"" rel=""nofollow"">Twitter for Android</a>";henryUP3321;0;FALSE;FALSE;NA;NA
julioguzmanperu;@El_Bru28 @alonso_jacs @Francis_AGS @APalominoSaa @julioguzmanperu @partidomorado No confundas política con medicin… https://t.co/oPIvdnWyLt;FALSE;0;El_Bru28;26/11/2020 05:37;TRUE;1.33E+18;1.33E+18;2865599982;"<a href=""http://twitter.com/download/android"" rel=""nofollow"">Twitter for Android</a>";alver37;0;FALSE;FALSE;NA;NA
julioguzmanperu;@APalominoSaa @julioguzmanperu @partidomorado No le da vergüenza apoyar a alguien que le fue infiel a su esposa, qu… https://t.co/Ao8s9bJC33;FALSE;0;APalominoSaa;26/11/2020 05:32;TRUE;1.33E+18;1.33E+18;1.13E+18;"<a href=""https://mobile.twitter.com"" rel=""nofollow"">Twitter Web App</a>";ColdfranSC2;0;FALSE;FALSE;NA;NA
julioguzmanperu;@subraschisu @UrsulaMoscoso @Cristinfs3 @julioguzmanperu @FlorPabloMedina Es curioso una denuncia por no monitorear… https://t.co/vMi0M7gHql;FALSE;0;subraschisu;26/11/2020 05:32;TRUE;1.33E+18;1.33E+18;2636619724;"<a href=""http://twitter.com/download/android"" rel=""nofollow"">Twitter for Android</a>";henryUP3321;0;FALSE;FALSE;NA;NA
julioguzmanperu;@julioguzmanperu El partido morado burlandose de los jovenes al llevar a Palacio a la golpista y delincuente Keiko..;FALSE;0;julioguzmanperu;26/11/2020 05:28;FALSE;1.33E+18;1.33E+18;3044790214;"<a href=""https://mobile.twitter.com"" rel=""nofollow"">Twitter Web App</a>";NOLASCOJOSS;0;FALSE;FALSE;NA;NA
julioguzmanperu;RT @UrsulaMoscoso: El pedido de Carolina Lizárraga ha sido archivado. Las internas se ganan en la cancha, con respaldo de las bases. Ahí no…;FALSE;0;NA;26/11/2020 05:28;FALSE;;1.33E+18;NA;"<a href=""http://twitter.com/download/android"" rel=""nofollow"">Twitter for Android</a>";henryUP3321;55;TRUE;FALSE;NA;NA
julioguzmanperu;@julioguzmanperu Cargaras por siempre esos dos muertos inocentes por tu ambicion politica;FALSE;0;julioguzmanperu;26/11/2020 05:27;FALSE;1.33E+18;1.33E+18;3044790214;"<a href=""http://twitter.com/download/android"" rel=""nofollow"">Twitter for Android</a>";FidoBravo;0;FALSE;FALSE;NA;NA
julioguzmanperu;@jose1721 @martinhidalgo @partidomorado @julioguzmanperu Nunca... Porque no lo son. Algunos dk se merecen seguir pe… https://t.co/c8SeMS4k21;FALSE;0;jose1721;26/11/2020 05:26;TRUE;1.33E+18;1.33E+18;76691547;"<a href=""http://twitter.com/download/android"" rel=""nofollow"">Twitter for Android</a>";PaolaGS36463345;0;FALSE;FALSE;NA;NA
julioguzmanperu;@amara_202 @Adrian61123242 @suselparedes @ZENAIDASOLISG @julioguzmanperu @FlorBorjaPe @FlorPabloMedina No son fujim… https://t.co/RFTllxEL2G;FALSE;1;amara_202;26/11/2020 05:25;TRUE;1.33E+18;1.33E+18;1.20E+18;"<a href=""https://mobile.twitter.com"" rel=""nofollow"">Twitter Web App</a>";KingofComas;0;FALSE;FALSE;NA;NA
julioguzmanperu;RT @RafaelRomeroVas: Problemas dentro del @partidomorado. Pedro Gamio dice que no hay una cancha plana y que estaría inclinada a favor de @…;FALSE;0;NA;26/11/2020 05:21;FALSE;;1.33E+18;NA;"<a href=""http://twitter.com/download/android"" rel=""nofollow"">Twitter for Android</a>";fhernandith;41;TRUE;FALSE;NA;NA
julioguzmanperu;@martinacuna19 @Adrian61123242 @suselparedes @ZENAIDASOLISG @julioguzmanperu @FlorBorjaPe @FlorPabloMedina Al contr… https://t.co/s5cRguCicq;FALSE;0;martinacuna19;26/11/2020 05:21;TRUE;1.33E+18;1.33E+18;1.08E+18;"<a href=""https://mobile.twitter.com"" rel=""nofollow"">Twitter Web App</a>";KingofComas;0;FALSE;FALSE;NA;NA
julioguzmanperu;@amara_202 @Adrian61123242 @suselparedes @ZENAIDASOLISG @julioguzmanperu @FlorBorjaPe @FlorPabloMedina No hay que e… https://t.co/MfRP6sA5lY;FALSE;0;amara_202;26/11/2020 05:19;TRUE;1.33E+18;1.33E+18;1.20E+18;"<a href=""https://mobile.twitter.com"" rel=""nofollow"">Twitter Web App</a>";KingofComas;0;FALSE;FALSE;NA;NA
julioguzmanperu;RT @APalominoSaa: Para conocimiento de la opinión pública: el día de hoy me encuentro apoyando a @julioguzmanperu en su visita a mi región…;FALSE;0;NA;26/11/2020 05:16;FALSE;;1.33E+18;NA;"<a href=""https://mobile.twitter.com"" rel=""nofollow"">Twitter Web App</a>";doctorozono;45;TRUE;FALSE;NA;NA
julioguzmanperu;RT @julioguzmanperu: Atentar contra el mural de Inti y Bryan es atentar contra su memoria y la valentía de miles de jóvenes que marcharon p…;FALSE;0;NA;26/11/2020 05:08;FALSE;;1.33E+18;NA;"<a href=""http://twitter.com/download/android"" rel=""nofollow"">Twitter for Android</a>";olahnena;178;TRUE;FALSE;NA;NA
julioguzmanperu;@FlorBorjaPe @BettySchaper1 @Adrian61123242 @suselparedes @ZENAIDASOLISG @julioguzmanperu @FlorPabloMedina… https://t.co/rmoWBUU1Ez;FALSE;0;FlorBorjaPe;26/11/2020 05:04;TRUE;1.33E+18;1.33E+18;66779554;"<a href=""https://mobile.twitter.com"" rel=""nofollow"">Twitter Web App</a>";KingofComas;0;FALSE;FALSE;NA;NA
julioguzmanperu;@alejandra_sol @LishaPalau @APalominoSaa @julioguzmanperu @partidomorado Y eso que detesta a la gente que jode! Imagínate si no! <U+0001F923>;FALSE;0;alejandra_sol;26/11/2020 04:59;FALSE;1.33E+18;1.33E+18;68827063;"<a href=""http://twitter.com/download/iphone"" rel=""nofollow"">Twitter for iPhone</a>";pamemorelima;0;FALSE;FALSE;NA;NA
julioguzmanperu;RT @APalominoSaa: Para conocimiento de la opinión pública: el día de hoy me encuentro apoyando a @julioguzmanperu en su visita a mi región…;FALSE;0;NA;26/11/2020 04:59;FALSE;;1.33E+18;NA;"<a href=""http://twitter.com/download/android"" rel=""nofollow"">Twitter for Android</a>";zicozocialvol2;45;TRUE;FALSE;NA;NA
julioguzmanperu;@martinhidalgo Cuando se dará cuenta la gente que el @partidomorado y @julioguzmanperu son la mejor opción para el país;FALSE;2;martinhidalgo;26/11/2020 04:58;FALSE;1.33E+18;1.33E+18;32224965;"<a href=""http://twitter.com/download/android"" rel=""nofollow"">Twitter for Android</a>";jose1721;0;FALSE;FALSE;NA;NA
julioguzmanperu;RT @APalominoSaa: Para conocimiento de la opinión pública: el día de hoy me encuentro apoyando a @julioguzmanperu en su visita a mi región…;FALSE;0;NA;26/11/2020 04:57;FALSE;;1.33E+18;NA;"<a href=""http://twitter.com/download/android"" rel=""nofollow"">Twitter for Android</a>";jose1721;45;TRUE;FALSE;NA;NA
julioguzmanperu;@julioguzmanperu Tú eres uno de los culpables MAMARRACHO!!!! Ahora eres Julio “pilatos” Guzman;FALSE;0;julioguzmanperu;26/11/2020 04:55;FALSE;1.33E+18;1.33E+18;3044790214;"<a href=""http://twitter.com/download/iphone"" rel=""nofollow"">Twitter for iPhone</a>";123deadel;0;FALSE;FALSE;NA;NA
julioguzmanperu;RT @ElmoMorado: ¡Hola Morados @partidomorado! ESTE 29 VOTA 3-1-1-1 #LaListaDeLaUnidad @julioguzmanperu @suselparedes @FlorPabloMedina https…;FALSE;0;NA;26/11/2020 04:55;FALSE;;1.33E+18;NA;"<a href=""https://mobile.twitter.com"" rel=""nofollow"">Twitter Web App</a>";ClaudiaValdeigl;21;TRUE;FALSE;NA;NA
julioguzmanperu;RT @CaudiaAngelica: @ElmoMorado @partidomorado @julioguzmanperu @suselparedes @FlorPabloMedina Amigos de Lima:;;;;;;;;;;;;;;;
julioguzmanperu;FALSE;0;NA;26/11/2020 04:53;FALSE;NA;1.33E+18;NA;"<a href=""http://twitter.com/download/iphone"" rel=""nofollow"">Twitter for iPhone</a>";NancyRitman;2;;FALSE;;NA;
julioguzmanperu;@CaudiaAngelica @sumag64022388 @ElmoMorado @partidomorado @julioguzmanperu @suselparedes @FlorPabloMedina Formula3P… https://t.co/EB2HpDjEMi;FALSE;0;CaudiaAngelica;26/11/2020 04:53;TRUE;1.33E+18;1.33E+18;1618966068;"<a href=""http://twitter.com/download/iphone"" rel=""nofollow"">Twitter for iPhone</a>";NancyRitman;0;FALSE;FALSE;NA;NA
julioguzmanperu;RT @APalominoSaa: Para conocimiento de la opinión pública: el día de hoy me encuentro apoyando a @julioguzmanperu en su visita a mi región…;FALSE;0;NA;26/11/2020 04:52;FALSE;;1.33E+18;NA;"<a href=""http://twitter.com/download/iphone"" rel=""nofollow"">Twitter for iPhone</a>";TonygStark;45;TRUE;FALSE;NA;NA
julioguzmanperu;@DanielUrresti1 Qué pasó con los excongresistas, porque es distinto ?  La medida me parece buena pero debe de ser a… https://t.co/Aayjkf0ySl;FALSE;0;DanielUrresti1;26/11/2020 04:49;TRUE;1.33E+18;1.33E+18;2416088899;"<a href=""http://twitter.com/download/iphone"" rel=""nofollow"">Twitter for iPhone</a>";MayraChipana2;0;FALSE;FALSE;NA;NA
julioguzmanperu;@alver37 @alonso_jacs @Francis_AGS @APalominoSaa @julioguzmanperu @partidomorado Es congresista pero es política, e… https://t.co/ELcFekEXwO;FALSE;3;alver37;26/11/2020 04:48;TRUE;1.33E+18;1.33E+18;111665820;"<a href=""https://mobile.twitter.com"" rel=""nofollow"">Twitter Web App</a>";El_Bru28;0;FALSE;FALSE;NA;NA
julioguzmanperu;@APalominoSaa @julioguzmanperu @partidomorado Decente sería retirar de esta contienda el partido morado, ud acaba d… https://t.co/5zBV9T2DyV;FALSE;0;APalominoSaa;26/11/2020 04:48;TRUE;1.33E+18;1.33E+18;1.13E+18;"<a href=""http://twitter.com/download/iphone"" rel=""nofollow"">Twitter for iPhone</a>";nelbottoni;0;FALSE;FALSE;NA;NA
julioguzmanperu;RT @BettySchaper1: VOTO INFORMADO!;;;;;;;;;;;;;;;
julioguzmanperu;RT @AdrianF53159496: @BettySchaper1 @julioguzmanperu @partidomorado @ZENAIDASOLISG @danielfolivares @UrsulaMoscoso @suselparedes @JovenesMo…;FALSE;0;NA;26/11/2020 04:48;FALSE;;1.33E+18;NA;"<a href=""http://twitter.com/download/iphone"" rel=""nofollow"">Twitter for iPhone</a>";sumag64022388;3;TRUE;FALSE;NA;NA
julioguzmanperu;RT @Andres_SolanoL: Este domingo 29nov los morad@s a nivel nacional vamos a votar por @julioguzmanperu para que sea el candidato presidenci…;FALSE;0;NA;26/11/2020 04:47;FALSE;;1.33E+18;NA;"<a href=""http://twitter.com/download/iphone"" rel=""nofollow"">Twitter for iPhone</a>";NancyRitman;11;TRUE;FALSE;NA;NA
julioguzmanperu;RT @BettySchaper1: Este 29 de Noviembre invito a todos los militantes morados de Lima Metropolitana a votar por la Fórmula Presidencial 3 q…;FALSE;0;NA;26/11/2020 04:47;FALSE;;1.33E+18;NA;"<a href=""http://twitter.com/download/iphone"" rel=""nofollow"">Twitter for iPhone</a>";sumag64022388;4;TRUE;FALSE;NA;NA
julioguzmanperu;RT @APalominoSaa: Para conocimiento de la opinión pública: el día de hoy me encuentro apoyando a @julioguzmanperu en su visita a mi región…;FALSE;0;NA;26/11/2020 04:46;FALSE;;1.33E+18;NA;"<a href=""http://twitter.com/download/android"" rel=""nofollow"">Twitter for Android</a>";arturonarvaezd2;45;TRUE;FALSE;NA;NA
julioguzmanperu;RT @CaudiaAngelica: @BettySchaper1 @julioguzmanperu @FlorPabloMedina Las encuestas del 70% de los militantes Peruanos en el Extranjero mues…;FALSE;0;NA;26/11/2020 04:46;FALSE;;1.33E+18;NA;"<a href=""http://twitter.com/download/iphone"" rel=""nofollow"">Twitter for iPhone</a>";sumag64022388;3;TRUE;FALSE;NA;NA
julioguzmanperu;Yo me pregunto si todo lo apurado que @julioguzmanperu para q Sagasti asuma fue adrede para q no salga a la luz est… https://t.co/mEYdJvjP0m;FALSE;0;NA;26/11/2020 04:46;TRUE;;1.33E+18;NA;"<a href=""http://twitter.com/download/android"" rel=""nofollow"">Twitter for Android</a>";Mr_Ryiu;0;FALSE;FALSE;NA;NA
julioguzmanperu;RT @CaudiaAngelica: @alexzarak @julioguzmanperu @FlorPabloMedina @partidomorado Las encuestas del 70% de los militantes Peruanos en el Extr…;FALSE;0;NA;26/11/2020 04:46;FALSE;;1.33E+18;NA;"<a href=""http://twitter.com/download/iphone"" rel=""nofollow"">Twitter for iPhone</a>";sumag64022388;2;TRUE;FALSE;NA;NA
julioguzmanperu;RT @CaudiaAngelica: @ElmoMorado @partidomorado @julioguzmanperu @suselparedes @FlorPabloMedina Amigos de Lima:;;;;;;;;;;;;;;;
julioguzmanperu;FALSE;0;NA;26/11/2020 04:45;FALSE;NA;1.33E+18;NA;"<a href=""http://twitter.com/download/iphone"" rel=""nofollow"">Twitter for iPhone</a>";sumag64022388;2;;FALSE;;NA;
julioguzmanperu;RT @SofiaEs75112804: @danielfolivares Amigos de Lima Metropolitana Sabes que votas por los PEX? Marca el 2   ;;;;;;;;;;;;;;;
julioguzmanperu;FALSE;0;NA;26/11/2020 04:41;FALSE;NA;1.33E+18;NA;"<a href=""http://twitter.com/download/iphone"" rel=""nofollow"">Twitter for iPhone</a>";sumag64022388;3;;FALSE;;NA;
julioguzmanperu;RT @APalominoSaa: Para conocimiento de la opinión pública: el día de hoy me encuentro apoyando a @julioguzmanperu en su visita a mi región…;FALSE;0;NA;26/11/2020 04:41;FALSE;;1.33E+18;NA;"<a href=""http://twitter.com/download/iphone"" rel=""nofollow"">Twitter for iPhone</a>";sumag64022388;45;TRUE;FALSE;NA;NA
julioguzmanperu;@ElmoMorado @partidomorado @julioguzmanperu @suselparedes @FlorPabloMedina Amigos de Lima:;;;;;;;;;;;;;;;
julioguzmanperu;FALSE;2;CaudiaAngelica;26/11/2020 04:40;TRUE;1.33E+18;1.33E+18;1618966068;"<a href=""http://twitter.com/download/iphone"" rel=""nofollow"">Twitter for iPhone</a>";CaudiaAngelica;2;;FALSE;;NA;
julioguzmanperu;RT @APalominoSaa: Para conocimiento de la opinión pública: el día de hoy me encuentro apoyando a @julioguzmanperu en su visita a mi región…;FALSE;0;NA;26/11/2020 04:38;FALSE;;1.33E+18;NA;"<a href=""http://twitter.com/download/android"" rel=""nofollow"">Twitter for Android</a>";Yndira22410023;45;TRUE;FALSE;NA;NA
julioguzmanperu;@ElmoMorado @partidomorado @julioguzmanperu @suselparedes @FlorPabloMedina Nuestra Bancada Morada apoyo la restituc… https://t.co/jntzI1f9jf;FALSE;0;ElmoMorado;26/11/2020 04:38;TRUE;1.33E+18;1.33E+18;1.33E+18;"<a href=""http://twitter.com/download/iphone"" rel=""nofollow"">Twitter for iPhone</a>";CaudiaAngelica;0;FALSE;FALSE;NA;NA
julioguzmanperu;RT @SofiaEs75112804: @danielfolivares Amigos de Lima Metropolitana Sabes que votas por los PEX? Marca el 2   ;;;;;;;;;;;;;;;
julioguzmanperu;FALSE;0;NA;26/11/2020 04:37;FALSE;NA;1.33E+18;NA;"<a href=""http://twitter.com/download/iphone"" rel=""nofollow"">Twitter for iPhone</a>";NancyRitman;3;;FALSE;;NA;
julioguzmanperu;RT @UrsulaMoscoso: El pedido de Carolina Lizárraga ha sido archivado. Las internas se ganan en la cancha, con respaldo de las bases. Ahí no…;FALSE;0;NA;26/11/2020 04:35;FALSE;;1.33E+18;NA;"<a href=""http://twitter.com/download/iphone"" rel=""nofollow"">Twitter for iPhone</a>";eveblancas;55;TRUE;FALSE;NA;NA
julioguzmanperu;@Kuaras1 @juantaboada1965 @tema0902 @Cluzcar @julioguzmanperu No creo;;;;;;;;;;;;;;;
julioguzmanperu;FALSE;0;Kuaras1;26/11/2020 04:35;TRUE;1.33E+18;1.33E+18;1.14E+18;"<a href=""https://mobile.twitter.com"" rel=""nofollow"">Twitter Web App</a>";luisarmando1821;0;;FALSE;;NA;
julioguzmanperu;RT @SofiaEs75112804: @APalominoSaa @julioguzmanperu @partidomorado Voto por @julioguzmanperu por nuestro candidato presidencial por el @par…;FALSE;0;NA;26/11/2020 04:35;FALSE;;1.33E+18;NA;"<a href=""http://twitter.com/download/iphone"" rel=""nofollow"">Twitter for iPhone</a>";NancyRitman;1;TRUE;FALSE;NA;NA
julioguzmanperu;RT @APalominoSaa: Para conocimiento de la opinión pública: el día de hoy me encuentro apoyando a @julioguzmanperu en su visita a mi región…;FALSE;0;NA;26/11/2020 04:34;FALSE;;1.33E+18;NA;"<a href=""http://twitter.com/download/iphone"" rel=""nofollow"">Twitter for iPhone</a>";NancyRitman;45;TRUE;FALSE;NA;NA
julioguzmanperu;RT @SofiaEs75112804: Amigos de Lima Metropolitana;;;;;;;;;;;;;;;
julioguzmanperu;;;;;;;;;;;;;;;;
julioguzmanperu;;;;;;;;;;;;;;;;
julioguzmanperu;;;;;;;;;;;;;;;;
julioguzmanperu;FALSE;0;NA;26/11/2020 04:34;FALSE;NA;1.33E+18;NA;"<a href=""http://twitter.com/download/iphone"" rel=""nofollow"">Twitter for iPhone</a>";NancyRitman;3;;FALSE;;NA;
julioguzmanperu;RT @JCastillista: LA LÍNEA: Lee @julioguzmanperu pero Lee ok https://t.co/mnsWXOuIh1;FALSE;0;NA;26/11/2020 04:33;FALSE;;1.33E+18;NA;"<a href=""https://mobile.twitter.com"" rel=""nofollow"">Twitter Web App</a>";HBenitez_;1;TRUE;FALSE;NA;NA
julioguzmanperu;RT @RafaelRomeroVas: Problemas dentro del @partidomorado. Pedro Gamio dice que no hay una cancha plana y que estaría inclinada a favor de @…;FALSE;0;NA;26/11/2020 04:32;FALSE;;1.33E+18;NA;"<a href=""http://twitter.com/download/android"" rel=""nofollow"">Twitter for Android</a>";PETO184;41;TRUE;FALSE;NA;NA
julioguzmanperu;RT @BettySchaper1: Este 29 de Noviembre invito a todos los militantes morados de Lima Metropolitana a votar por la Fórmula Presidencial 3 q…;FALSE;0;NA;26/11/2020 04:31;FALSE;;1.33E+18;NA;"<a href=""http://twitter.com/download/iphone"" rel=""nofollow"">Twitter for iPhone</a>";NancyRitman;4;TRUE;FALSE;NA;NA
julioguzmanperu;@eliodandy @julioguzmanperu @MartinVizcarraC Otro coimero....;FALSE;0;eliodandy;26/11/2020 04:31;FALSE;1.33E+18;1.33E+18;147771447;"<a href=""https://mobile.twitter.com"" rel=""nofollow"">Twitter Web App</a>";JOSEESILVAP;0;FALSE;FALSE;NA;NA
julioguzmanperu;@Cluzcar @julioguzmanperu Ellos se lo pierden.;FALSE;0;Cluzcar;26/11/2020 04:31;FALSE;1.33E+18;1.33E+18;282155394;"<a href=""http://twitter.com/download/android"" rel=""nofollow"">Twitter for Android</a>";LupitaTrujilloH;0;FALSE;FALSE;NA;NA
julioguzmanperu;RT @SofiaEs75112804: @julioguzmanperu @julioguzmanperu Que identifiquen a estos malos elementos y les caiga todo el peso de la ley. Esto es…;FALSE;0;NA;26/11/2020 04:30;FALSE;;1.33E+18;NA;"<a href=""http://twitter.com/download/iphone"" rel=""nofollow"">Twitter for iPhone</a>";NancyRitman;1;TRUE;FALSE;NA;NA
julioguzmanperu;RT @julioguzmanperu: Atentar contra el mural de Inti y Bryan es atentar contra su memoria y la valentía de miles de jóvenes que marcharon p…;FALSE;0;NA;26/11/2020 04:30;FALSE;;1.33E+18;NA;"<a href=""http://twitter.com/download/iphone"" rel=""nofollow"">Twitter for iPhone</a>";NancyRitman;178;TRUE;FALSE;NA;NA
julioguzmanperu;@APalominoSaa @julioguzmanperu @partidomorado Todos con la lista 2 https://t.co/HAmP0rxRlB;FALSE;1;APalominoSaa;26/11/2020 04:30;FALSE;1.33E+18;1.33E+18;1.13E+18;"<a href=""http://twitter.com/download/android"" rel=""nofollow"">Twitter for Android</a>";NILTONDM;0;FALSE;FALSE;NA;NA
julioguzmanperu;RT @BettySchaper1: VOTO INFORMADO!;;;;;;;;;;;;;;;
julioguzmanperu;RT @APalominoSaa: Para conocimiento de la opinión pública: el día de hoy me encuentro apoyando a @julioguzmanperu en su visita a mi región…;FALSE;0;NA;26/11/2020 04:28;FALSE;;1.33E+18;NA;"<a href=""http://twitter.com/download/android"" rel=""nofollow"">Twitter for Android</a>";SChonso17;45;TRUE;FALSE;NA;NA
julioguzmanperu;<U+2066>TE HABLAN<U+0001F449>@julioguzmanperu<U+2069>;;;;;;;;;;;;;;;
julioguzmanperu;" la violencia contra la mujer no nos hace más mac… https://t.co/EX8aAszMUA""";FALSE;0;NA;26/11/2020 04:26;TRUE;;1.33E+18;NA;"<a href=""http://twitter.com/#!/download/ipad"" rel=""nofollow"">Twitter for iPad</a>";MarioS759;0;FALSE;FALSE;NA;NA
julioguzmanperu;@APalominoSaa @julioguzmanperu @partidomorado La primera vez que veo un acto así. Excelente!;FALSE;5;APalominoSaa;26/11/2020 04:25;FALSE;1.33E+18;1.33E+18;1.13E+18;"<a href=""https://mobile.twitter.com"" rel=""nofollow"">Twitter Web App</a>";rosmery93731513;0;FALSE;FALSE;NA;NA
julioguzmanperu;RT @APalominoSaa: Para conocimiento de la opinión pública: el día de hoy me encuentro apoyando a @julioguzmanperu en su visita a mi región…;FALSE;0;NA;26/11/2020 04:25;FALSE;;1.33E+18;NA;"<a href=""https://mobile.twitter.com"" rel=""nofollow"">Twitter Web App</a>";adrivasvil;45;TRUE;FALSE;NA;NA
julioguzmanperu;@APalominoSaa @julioguzmanperu @partidomorado @AlbertoBelaunde @danielfolivares qué pasa aqui? dejar su chamba por una campaña?;FALSE;0;APalominoSaa;26/11/2020 04:25;FALSE;1.33E+18;1.33E+18;1.13E+18;"<a href=""https://mobile.twitter.com"" rel=""nofollow"">Twitter Web App</a>";semilladepera;0;FALSE;FALSE;NA;NA
julioguzmanperu;RT @APalominoSaa: Para conocimiento de la opinión pública: el día de hoy me encuentro apoyando a @julioguzmanperu en su visita a mi región…;FALSE;0;NA;26/11/2020 04:23;FALSE;;1.33E+18;NA;"<a href=""http://twitter.com/download/iphone"" rel=""nofollow"">Twitter for iPhone</a>";miguelcandrews;45;TRUE;FALSE;NA;NA
julioguzmanperu;RT @RafaelRomeroVas: Problemas dentro del @partidomorado. Pedro Gamio dice que no hay una cancha plana y que estaría inclinada a favor de @…;FALSE;0;NA;26/11/2020 04:22;FALSE;;1.33E+18;NA;"<a href=""http://twitter.com/download/android"" rel=""nofollow"">Twitter for Android</a>";yhessca;41;TRUE;FALSE;NA;NA
julioguzmanperu;@APalominoSaa @julioguzmanperu @partidomorado Es lo correcto!!;FALSE;1;APalominoSaa;26/11/2020 04:21;FALSE;1.33E+18;1.33E+18;1.13E+18;"<a href=""http://twitter.com/download/android"" rel=""nofollow"">Twitter for Android</a>";Bzambra;0;FALSE;FALSE;NA;NA
julioguzmanperu;@elcomercio_peru Ojala le diga eso a @julioguzmanperu que parece que engaña a su esposa y deja a su amiguita botada en un incendio;FALSE;8;elcomercio_peru;26/11/2020 04:20;FALSE;1.33E+18;1.33E+18;233033221;"<a href=""http://twitter.com/download/android"" rel=""nofollow"">Twitter for Android</a>";ymedina_malaga;0;FALSE;FALSE;NA;NA
julioguzmanperu;RT @APalominoSaa: Para conocimiento de la opinión pública: el día de hoy me encuentro apoyando a @julioguzmanperu en su visita a mi región…;FALSE;0;NA;26/11/2020 04:19;FALSE;;1.33E+18;NA;"<a href=""http://twitter.com/download/iphone"" rel=""nofollow"">Twitter for iPhone</a>";VidalPercyC;45;TRUE;FALSE;NA;NA
julioguzmanperu;RT @ElmoMorado: ¡Hola Morados @partidomorado! ESTE 29 VOTA 3-1-1-1 #LaListaDeLaUnidad @julioguzmanperu @suselparedes @FlorPabloMedina https…;FALSE;0;NA;26/11/2020 04:16;FALSE;;1.33E+18;NA;"<a href=""https://mobile.twitter.com"" rel=""nofollow"">Twitter Web App</a>";FenixconL;21;TRUE;FALSE;NA;NA
julioguzmanperu;RT @RafaelRomeroVas: Problemas dentro del @partidomorado. Pedro Gamio dice que no hay una cancha plana y que estaría inclinada a favor de @…;FALSE;0;NA;26/11/2020 04:15;FALSE;;1.33E+18;NA;"<a href=""http://twitter.com/download/iphone"" rel=""nofollow"">Twitter for iPhone</a>";pipepalotesp;41;TRUE;FALSE;NA;NA
julioguzmanperu;@julioguzmanperu Ya se confirmó quien los mató??;;;;;;;;;;;;;;;
julioguzmanperu;;;;;;;;;;;;;;;;
julioguzmanperu;FALSE;0;julioguzmanperu;26/11/2020 04:13;TRUE;1.33E+18;1.33E+18;3044790214;"<a href=""http://twitter.com/download/android"" rel=""nofollow"">Twitter for Android</a>";hugomg101;0;;FALSE;;NA;
julioguzmanperu;@heduardo50 @julioguzmanperu @partidomorado Julito es la Antorcha Humana https://t.co/x1NRlFrYJ8;FALSE;0;TheMax212;26/11/2020 04:12;FALSE;1.33E+18;1.33E+18;7.92E+17;"<a href=""http://twitter.com/download/android"" rel=""nofollow"">Twitter for Android</a>";TheMax212;0;FALSE;FALSE;NA;NA
julioguzmanperu;RT @APalominoSaa: Para conocimiento de la opinión pública: el día de hoy me encuentro apoyando a @julioguzmanperu en su visita a mi región…;FALSE;0;NA;26/11/2020 04:12;FALSE;;1.33E+18;NA;"<a href=""http://twitter.com/download/android"" rel=""nofollow"">Twitter for Android</a>";etimew;45;TRUE;FALSE;NA;NA
julioguzmanperu;@heduardo50 El único que no queda como webon y es superheroe es @julioguzmanperu  ;;;;;;;;;;;;;;;
julioguzmanperu;FALSE;1;heduardo50;26/11/2020 04:10;TRUE;1.33E+18;1.33E+18;119454564;"<a href=""http://twitter.com/download/android"" rel=""nofollow"">Twitter for Android</a>";TheMax212;0;;FALSE;;NA;
julioguzmanperu;RT @juanmsanchez: @RafaelRomeroVas @partidomorado @julioguzmanperu @FlorPabloMedina @FiscaliaPeru Lizarraga es un topo aprista y siguen man…;FALSE;0;NA;26/11/2020 04:10;FALSE;;1.33E+18;NA;"<a href=""http://twitter.com/download/android"" rel=""nofollow"">Twitter for Android</a>";RafaelRomeroVas;2;TRUE;FALSE;NA;NA
julioguzmanperu;RT @UrsulaMoscoso: El pedido de Carolina Lizárraga ha sido archivado. Las internas se ganan en la cancha, con respaldo de las bases. Ahí no…;FALSE;0;NA;26/11/2020 04:10;FALSE;;1.33E+18;NA;"<a href=""http://twitter.com/download/android"" rel=""nofollow"">Twitter for Android</a>";HRomanoWy;55;TRUE;FALSE;NA;NA
julioguzmanperu;RT @juancasabe: @RafaelRomeroVas @partidomorado @julioguzmanperu @FlorPabloMedina @FiscaliaPeru Si fuera otro partido... reportajes investi…;FALSE;0;NA;26/11/2020 04:10;FALSE;;1.33E+18;NA;"<a href=""http://twitter.com/download/android"" rel=""nofollow"">Twitter for Android</a>";RafaelRomeroVas;1;TRUE;FALSE;NA;NA
julioguzmanperu;RT @josepaulprensa: @RafaelRomeroVas @partidomorado @julioguzmanperu @FlorPabloMedina @FiscaliaPeru En verdad. Pobre Perú.;FALSE;0;NA;26/11/2020 04:10;FALSE;;1.33E+18;NA;"<a href=""http://twitter.com/download/android"" rel=""nofollow"">Twitter for Android</a>";LuisRaf01217279;2;TRUE;FALSE;NA;NA
julioguzmanperu;RT @juanmsanchez: @RafaelRomeroVas @partidomorado @julioguzmanperu @FlorPabloMedina @FiscaliaPeru Lizarraga es un topo aprista y siguen man…;FALSE;0;NA;26/11/2020 04:10;FALSE;;1.33E+18;NA;"<a href=""http://twitter.com/download/android"" rel=""nofollow"">Twitter for Android</a>";LuisRaf01217279;2;TRUE;FALSE;NA;NA
julioguzmanperu;RT @Irucanyi2: @RafaelRomeroVas @partidomorado @julioguzmanperu @FlorPabloMedina @FiscaliaPeru Y correlon Guzman investigado por lavado de…;FALSE;0;NA;26/11/2020 04:09;FALSE;;1.33E+18;NA;"<a href=""http://twitter.com/download/android"" rel=""nofollow"">Twitter for Android</a>";LuisRaf01217279;2;TRUE;FALSE;NA;NA
julioguzmanperu;RT @AyquipaMiguel: @RafaelRomeroVas @partidomorado @julioguzmanperu @FlorPabloMedina @FiscaliaPeru ADEMAS EL COBATDE DE GUZMAN DEBE RSTAT P…;FALSE;0;NA;26/11/2020 04:09;FALSE;;1.33E+18;NA;"<a href=""http://twitter.com/download/android"" rel=""nofollow"">Twitter for Android</a>";LuisRaf01217279;2;TRUE;FALSE;NA;NA
julioguzmanperu;RT @RafaelRomeroVas: @agildemeisterrh @partidomorado @julioguzmanperu @FlorPabloMedina @FiscaliaPeru Hasta hace poco, antes de ser titular…;FALSE;0;NA;26/11/2020 04:09;FALSE;;1.33E+18;NA;"<a href=""http://twitter.com/download/android"" rel=""nofollow"">Twitter for Android</a>";LuisRaf01217279;1;TRUE;FALSE;NA;NA
julioguzmanperu;RT @agildemeisterrh: @RafaelRomeroVas @partidomorado @julioguzmanperu @FlorPabloMedina @FiscaliaPeru Perdón, pero Pedro Gamio no era aprist…;FALSE;0;NA;26/11/2020 04:09;FALSE;;1.33E+18;NA;"<a href=""http://twitter.com/download/android"" rel=""nofollow"">Twitter for Android</a>";LuisRaf01217279;2;TRUE;FALSE;NA;NA
julioguzmanperu;@albertmoraz @julioguzmanperu Como en todo partido, vas a encontrar de todo. Del lado de Julio Guzmán tenemos 145 b… https://t.co/L2J7OWZQoK;FALSE;0;albertmoraz;26/11/2020 04:08;TRUE;1.33E+18;1.33E+18;139935496;"<a href=""http://twitter.com/download/android"" rel=""nofollow"">Twitter for Android</a>";JavierM43014515;0;FALSE;FALSE;NA;NA
julioguzmanperu;RT @RafaelRomeroVas: Problemas dentro del @partidomorado. Pedro Gamio dice que no hay una cancha plana y que estaría inclinada a favor de @…;FALSE;0;NA;26/11/2020 04:07;FALSE;;1.33E+18;NA;"<a href=""http://twitter.com/download/android"" rel=""nofollow"">Twitter for Android</a>";LuisRaf01217279;41;TRUE;FALSE;NA;NA
julioguzmanperu;RT @APalominoSaa: Para conocimiento de la opinión pública: el día de hoy me encuentro apoyando a @julioguzmanperu en su visita a mi región…;FALSE;0;NA;26/11/2020 04:06;FALSE;;1.33E+18;NA;"<a href=""http://twitter.com/download/android"" rel=""nofollow"">Twitter for Android</a>";Sumy28892856;45;TRUE;FALSE;NA;NA
julioguzmanperu;@JavierM43014515 @julioguzmanperu Y está muy bien, pero la casa tiene que estar en orden, por qué yo como votante,… https://t.co/9uFqCCsJPN;FALSE;0;JavierM43014515;26/11/2020 04:05;TRUE;1.33E+18;1.33E+18;9.46E+17;"<a href=""http://twitter.com/download/iphone"" rel=""nofollow"">Twitter for iPhone</a>";albertmoraz;0;FALSE;FALSE;NA;NA
julioguzmanperu;RT @julioguzmanperu: Atentar contra el mural de Inti y Bryan es atentar contra su memoria y la valentía de miles de jóvenes que marcharon p…;FALSE;0;NA;26/11/2020 04:04;FALSE;;1.33E+18;NA;"<a href=""http://twitter.com/download/android"" rel=""nofollow"">Twitter for Android</a>";vaneqd;178;TRUE;FALSE;NA;NA
julioguzmanperu;RT @Benjami31619341: @canalN_ #GraciasLudwing por borrar esas pintas en memoria de dos delincuentes, uno asaltante y el otro micro comercia…;FALSE;0;NA;26/11/2020 04:04;FALSE;;1.33E+18;NA;"<a href=""https://mobile.twitter.com"" rel=""nofollow"">Twitter Web App</a>";rousse_ps;2;TRUE;FALSE;NA;NA
julioguzmanperu;RT @ElmoMorado: ¡Hola Morados @partidomorado! ESTE 29 VOTA 3-1-1-1 #LaListaDeLaUnidad @julioguzmanperu @suselparedes @FlorPabloMedina https…;FALSE;0;NA;26/11/2020 04:03;FALSE;;1.33E+18;NA;"<a href=""http://twitter.com/download/android"" rel=""nofollow"">Twitter for Android</a>";ivanapazaapin;21;TRUE;FALSE;NA;NA
julioguzmanperu;RT @APalominoSaa: Para conocimiento de la opinión pública: el día de hoy me encuentro apoyando a @julioguzmanperu en su visita a mi región…;FALSE;0;NA;26/11/2020 04:03;FALSE;;1.33E+18;NA;"<a href=""http://twitter.com/download/android"" rel=""nofollow"">Twitter for Android</a>";guisscastillo;45;TRUE;FALSE;NA;NA
julioguzmanperu;@UrsulaMoscoso @julioguzmanperu @FlorPabloMedina Y seguro tu postularas al congreso, sin dan oportunidad a otro.;FALSE;0;UrsulaMoscoso;26/11/2020 04:02;FALSE;1.33E+18;1.33E+18;8.76E+17;"<a href=""http://twitter.com/download/android"" rel=""nofollow"">Twitter for Android</a>";GalvezIgor;0;FALSE;FALSE;NA;NA
julioguzmanperu;RT @Francis_AGS: @APalominoSaa @julioguzmanperu @partidomorado Es correcto no cobrar por el trabajo que no hace, pero eso no hace que sea c…;FALSE;0;NA;26/11/2020 04:00;FALSE;;1.33E+18;NA;"<a href=""http://twitter.com/download/iphone"" rel=""nofollow"">Twitter for iPhone</a>";monicap32727851;2;TRUE;FALSE;NA;NA
julioguzmanperu;RT @APalominoSaa: Para conocimiento de la opinión pública: el día de hoy me encuentro apoyando a @julioguzmanperu en su visita a mi región…;FALSE;0;NA;26/11/2020 04:00;FALSE;;1.33E+18;NA;"<a href=""http://twitter.com/download/android"" rel=""nofollow"">Twitter for Android</a>";Mar0250;45;TRUE;FALSE;NA;NA
julioguzmanperu;@julioguzmanperu Vamos Julio, dando el ejemplo como siempre. https://t.co/CxmXoOZQOB;FALSE;0;julioguzmanperu;26/11/2020 03:59;FALSE;1.33E+18;1.33E+18;3044790214;"<a href=""http://twitter.com/download/android"" rel=""nofollow"">Twitter for Android</a>";JavierM43014515;0;FALSE;FALSE;NA;NA
julioguzmanperu;@katekathecat @julioguzmanperu En ambos casos tanto por la muerte de policías en pandemia como el asesinato de los… https://t.co/63viJ7TOwv;FALSE;0;katekathecat;26/11/2020 03:57;TRUE;1.33E+18;1.33E+18;1.02E+18;"<a href=""http://twitter.com/download/android"" rel=""nofollow"">Twitter for Android</a>";JavierM43014515;0;FALSE;FALSE;NA;NA
julioguzmanperu;RT @InviernoCruel7: @informateperu Este debe ser un moradito de @julioguzmanperu todo para hacer quedar mal a la gloriosa @PoliciaPeru;FALSE;0;NA;26/11/2020 03:57;FALSE;;1.33E+18;NA;"<a href=""https://mobile.twitter.com"" rel=""nofollow"">Twitter Web App</a>";gino_reynoso;2;TRUE;FALSE;NA;NA
julioguzmanperu;@APalominoSaa @julioguzmanperu @partidomorado A quien le interesa??? <U+0001F4A9><U+0001F4A9><U+0001F4A9>;FALSE;0;APalominoSaa;26/11/2020 03:56;FALSE;1.33E+18;1.33E+18;1.13E+18;"<a href=""http://twitter.com/download/android"" rel=""nofollow"">Twitter for Android</a>";RenatoSG20;0;FALSE;FALSE;NA;NA
julioguzmanperu;@UrsulaMoscoso @julioguzmanperu @FlorPabloMedina Mi apoyo a Julio Guzman!!!!;FALSE;0;UrsulaMoscoso;26/11/2020 03:55;FALSE;1.33E+18;1.33E+18;8.76E+17;"<a href=""http://twitter.com/download/android"" rel=""nofollow"">Twitter for Android</a>";MarcoAlvaradoF2;0;FALSE;FALSE;NA;NA
julioguzmanperu;RT @APalominoSaa: Para conocimiento de la opinión pública: el día de hoy me encuentro apoyando a @julioguzmanperu en su visita a mi región…;FALSE;0;NA;26/11/2020 03:54;FALSE;;1.33E+18;NA;"<a href=""https://mobile.twitter.com"" rel=""nofollow"">Twitter Web App</a>";Saul11028263;45;TRUE;FALSE;NA;NA
julioguzmanperu;@julioguzmanperu Definitivamente no debe olvidarse el sacrificio de aquellos que dieron su vida para derrocar a un… https://t.co/Fr8gmPvVE6;FALSE;0;julioguzmanperu;26/11/2020 03:53;TRUE;1.33E+18;1.33E+18;3044790214;"<a href=""http://twitter.com/download/android"" rel=""nofollow"">Twitter for Android</a>";JavierM43014515;0;FALSE;FALSE;NA;NA
julioguzmanperu;@RafaelRomeroVas @partidomorado @julioguzmanperu @FlorPabloMedina @FiscaliaPeru Esta gente para que quiere gobernar… https://t.co/5SKqQL4KYj;FALSE;0;RafaelRomeroVas;26/11/2020 03:52;TRUE;1.33E+18;1.33E+18;169299339;"<a href=""https://mobile.twitter.com"" rel=""nofollow"">Twitter Web App</a>";fernandoalmagr4;0;FALSE;FALSE;NA;NA
julioguzmanperu;@julioguzmanperu No especule. El país necesita trabajar en cosas positivas ya dejen descansar a los muertos;FALSE;0;julioguzmanperu;26/11/2020 03:52;FALSE;1.33E+18;1.33E+18;3044790214;"<a href=""http://twitter.com/download/android"" rel=""nofollow"">Twitter for Android</a>";jorgeluisggn;0;FALSE;FALSE;NA;NA
julioguzmanperu;@RafaelRomeroVas @partidomorado @julioguzmanperu @FlorPabloMedina @FiscaliaPeru Si fuera otro partido... reportajes… https://t.co/TayLGzSLZv;FALSE;1;RafaelRomeroVas;26/11/2020 03:51;TRUE;1.33E+18;1.33E+18;169299339;"<a href=""http://twitter.com/download/android"" rel=""nofollow"">Twitter for Android</a>";juancasabe;1;FALSE;FALSE;NA;NA
julioguzmanperu;@AdrianF53159496 @BettySchaper1 @julioguzmanperu @partidomorado @ZENAIDASOLISG @danielfolivares @UrsulaMoscoso… https://t.co/E1g8TKNQIj;FALSE;0;AdrianF53159496;26/11/2020 03:51;TRUE;1.33E+18;1.33E+18;1.15E+18;"<a href=""http://twitter.com/download/android"" rel=""nofollow"">Twitter for Android</a>";EstradaGuillo;0;FALSE;FALSE;NA;NA
julioguzmanperu;@orquidea__azul @APalominoSaa @julioguzmanperu @partidomorado La leí y luego comenté;FALSE;0;orquidea__azul;26/11/2020 03:50;FALSE;1.33E+18;1.33E+18;556555200;"<a href=""http://twitter.com/#!/download/ipad"" rel=""nofollow"">Twitter for iPad</a>";Francis_AGS;0;FALSE;FALSE;NA;NA
julioguzmanperu;RT @AdrianF53159496: @BettySchaper1 @julioguzmanperu @partidomorado @ZENAIDASOLISG @danielfolivares @UrsulaMoscoso @suselparedes @JovenesMo…;FALSE;0;NA;26/11/2020 03:50;FALSE;;1.33E+18;NA;"<a href=""http://twitter.com/download/iphone"" rel=""nofollow"">Twitter for iPhone</a>";CaudiaAngelica;3;TRUE;FALSE;NA;NA
julioguzmanperu;RT @BettySchaper1: Este 29 de Noviembre invito a todos los militantes morados de Lima Metropolitana a votar por la Fórmula Presidencial 3 q…;FALSE;0;NA;26/11/2020 03:49;FALSE;;1.33E+18;NA;"<a href=""http://twitter.com/download/iphone"" rel=""nofollow"">Twitter for iPhone</a>";CaudiaAngelica;4;TRUE;FALSE;NA;NA
julioguzmanperu;@APalominoSaa @julioguzmanperu @partidomorado Y Guzman es decente?;FALSE;0;APalominoSaa;26/11/2020 03:49;FALSE;1.33E+18;1.33E+18;1.13E+18;"<a href=""http://twitter.com/download/iphone"" rel=""nofollow"">Twitter for iPhone</a>";paolaalvaradoo;0;FALSE;FALSE;NA;NA
julioguzmanperu;RT @APalominoSaa: Para conocimiento de la opinión pública: el día de hoy me encuentro apoyando a @julioguzmanperu en su visita a mi región…;FALSE;0;NA;26/11/2020 03:49;FALSE;;1.33E+18;NA;"<a href=""http://twitter.com/download/iphone"" rel=""nofollow"">Twitter for iPhone</a>";CaudiaAngelica;45;TRUE;FALSE;NA;NA
julioguzmanperu;@alonso_jacs @APalominoSaa @julioguzmanperu @partidomorado Nadie dijo eso <U+0001F612>;FALSE;0;alonso_jacs;26/11/2020 03:49;FALSE;1.33E+18;1.33E+18;45161044;"<a href=""http://twitter.com/#!/download/ipad"" rel=""nofollow"">Twitter for iPad</a>";Francis_AGS;0;FALSE;FALSE;NA;NA
julioguzmanperu;@DavidBecerraA @COBRA645 @julioguzmanperu @elhigadodmarita @gildatrkovic @Horizonte1111 @Conanacen @alvarosarco… https://t.co/DtPCkTycVz;FALSE;0;DavidBecerraA;26/11/2020 03:48;TRUE;1.33E+18;1.33E+18;301138294;"<a href=""http://twitter.com/download/android"" rel=""nofollow"">Twitter for Android</a>";JavierM43014515;0;FALSE;FALSE;NA;NA
julioguzmanperu;RT @Benjami31619341: @canalN_ #GraciasLudwing por borrar esas pintas en memoria de dos delincuentes, uno asaltante y el otro micro comercia…;FALSE;0;NA;26/11/2020 03:47;FALSE;;1.33E+18;NA;"<a href=""http://twitter.com/download/android"" rel=""nofollow"">Twitter for Android</a>";MonicaV89308328;2;TRUE;FALSE;NA;NA
julioguzmanperu;@lisarita1956 @julioguzmanperu Que falta de creatividad y sentido común. Pierdes tu tiempo poniendo tonterías que l… https://t.co/hVRjezKEEP;FALSE;0;lisarita1956;26/11/2020 03:46;TRUE;1.33E+18;1.33E+18;7.94E+17;"<a href=""http://twitter.com/download/android"" rel=""nofollow"">Twitter for Android</a>";JavierM43014515;0;FALSE;FALSE;NA;NA
julioguzmanperu;@LishaPalau @APalominoSaa @julioguzmanperu @partidomorado Que te parece ético tus 105 congresistas...ok;FALSE;0;LishaPalau;26/11/2020 03:46;FALSE;1.33E+18;1.33E+18;2342962501;"<a href=""https://mobile.twitter.com"" rel=""nofollow"">Twitter Web App</a>";ginoliare;0;FALSE;FALSE;NA;NA
julioguzmanperu;@paul_revoredo @julioguzmanperu Eres otra de las pocas personas que minimiza la inteligencia de los jóvenes. Ya que… https://t.co/BzKlR6dBsB;FALSE;0;paul_revoredo;26/11/2020 03:44;TRUE;1.33E+18;1.33E+18;1460277240;"<a href=""http://twitter.com/download/android"" rel=""nofollow"">Twitter for Android</a>";JavierM43014515;0;FALSE;FALSE;NA;NA
julioguzmanperu;@Francis_AGS @APalominoSaa @julioguzmanperu @partidomorado Es un día de licencia. Lea la carta.;FALSE;2;Francis_AGS;26/11/2020 03:43;FALSE;1.33E+18;1.33E+18;2424293648;"<a href=""http://twitter.com/download/android"" rel=""nofollow"">Twitter for Android</a>";orquidea__azul;0;FALSE;FALSE;NA;NA
julioguzmanperu;RT @APalominoSaa: Para conocimiento de la opinión pública: el día de hoy me encuentro apoyando a @julioguzmanperu en su visita a mi región…;FALSE;0;NA;26/11/2020 03:43;FALSE;;1.33E+18;NA;"<a href=""http://twitter.com/download/android"" rel=""nofollow"">Twitter for Android</a>";raquelvecan;45;TRUE;FALSE;NA;NA
julioguzmanperu;@albertmoraz @julioguzmanperu Por lógica el señor Gamio debió hacer su propio plan de gobierno, no puede usar inici… https://t.co/GQ8xYMHJah;FALSE;0;albertmoraz;26/11/2020 03:41;TRUE;1.33E+18;1.33E+18;139935496;"<a href=""http://twitter.com/download/android"" rel=""nofollow"">Twitter for Android</a>";JavierM43014515;0;FALSE;FALSE;NA;NA
julioguzmanperu;@LishaPalau @APalominoSaa @julioguzmanperu @partidomorado Tal vez estaría más tranquila con el actuar de otros cong… https://t.co/J8yPY0m5y1;FALSE;2;LishaPalau;26/11/2020 03:40;TRUE;1.33E+18;1.33E+18;2342962501;"<a href=""http://twitter.com/download/android"" rel=""nofollow"">Twitter for Android</a>";alejandra_sol;0;FALSE;FALSE;NA;NA
julioguzmanperu;Este 29 de Noviembre invito a todos los militantes morados de Lima Metropolitana a votar por la Fórmula Presidencia… https://t.co/PJFueamhSM;FALSE;8;NA;26/11/2020 03:40;TRUE;;1.33E+18;NA;"<a href=""https://mobile.twitter.com"" rel=""nofollow"">Twitter Web App</a>";BettySchaper1;4;FALSE;FALSE;NA;NA
julioguzmanperu;RT @APalominoSaa: Para conocimiento de la opinión pública: el día de hoy me encuentro apoyando a @julioguzmanperu en su visita a mi región…;FALSE;0;NA;26/11/2020 03:39;FALSE;;1.33E+18;NA;"<a href=""http://twitter.com/download/iphone"" rel=""nofollow"">Twitter for iPhone</a>";wilbandiz;45;TRUE;FALSE;NA;NA
julioguzmanperu;@APalominoSaa @julioguzmanperu @partidomorado La eligieron para legislar por sus electores, lo correcto sería que l… https://t.co/sqhHqAH0eP;FALSE;2;APalominoSaa;26/11/2020 03:39;TRUE;1.33E+18;1.33E+18;1.13E+18;"<a href=""http://twitter.com/download/android"" rel=""nofollow"">Twitter for Android</a>";rjyinki;0;FALSE;FALSE;NA;NA
julioguzmanperu;RT @RafaelRomeroVas: Problemas dentro del @partidomorado. Pedro Gamio dice que no hay una cancha plana y que estaría inclinada a favor de @…;FALSE;0;NA;26/11/2020 03:39;FALSE;;1.33E+18;NA;"<a href=""http://twitter.com/download/android"" rel=""nofollow"">Twitter for Android</a>";Calin_Oficial;41;TRUE;FALSE;NA;NA
julioguzmanperu;@mitt54 @ErXabi @katekathecat @julioguzmanperu Que se apague las vidas de dos jovenes es lamentable. Pero eso no qu… https://t.co/HEZVPO5FS9;FALSE;2;mitt54;26/11/2020 03:39;TRUE;1.33E+18;1.33E+18;90593809;"<a href=""http://twitter.com/download/iphone"" rel=""nofollow"">Twitter for iPhone</a>";evytame;0;FALSE;FALSE;NA;NA
julioguzmanperu;@FachoJusticiero @julioguzmanperu @FSagasti Ya quedó aclarado, Julio Guzmán va si o sí.;FALSE;0;FachoJusticiero;26/11/2020 03:37;FALSE;1.33E+18;1.33E+18;1.20E+18;"<a href=""http://twitter.com/download/android"" rel=""nofollow"">Twitter for Android</a>";JavierM43014515;0;FALSE;FALSE;NA;NA
julioguzmanperu;@LishaPalau @APalominoSaa @julioguzmanperu @partidomorado Me parece muy ético que lo diga. Así muestra transparenci… https://t.co/wLf31BYVRl;FALSE;16;LishaPalau;26/11/2020 03:37;TRUE;1.33E+18;1.33E+18;2342962501;"<a href=""http://twitter.com/download/iphone"" rel=""nofollow"">Twitter for iPhone</a>";_AlonsoMorante;0;FALSE;FALSE;NA;NA
julioguzmanperu;RT @Cluzcar: Anoche @julioguzmanperu le bajó el dedo al Pdte Vizcarra.;FALSE;0;NA;26/11/2020 03:36;FALSE;;1.33E+18;NA;"<a href=""http://twitter.com/download/android"" rel=""nofollow"">Twitter for Android</a>";vctr_manuel;5;TRUE;FALSE;NA;NA
julioguzmanperu;RT @julioguzmanperu: Atentar contra el mural de Inti y Bryan es atentar contra su memoria y la valentía de miles de jóvenes que marcharon p…;FALSE;0;NA;26/11/2020 03:36;FALSE;;1.33E+18;NA;"<a href=""http://twitter.com/download/android"" rel=""nofollow"">Twitter for Android</a>";Praisethekatze;178;TRUE;FALSE;NA;NA
julioguzmanperu;RT @julioguzmanperu: Atentar contra el mural de Inti y Bryan es atentar contra su memoria y la valentía de miles de jóvenes que marcharon p…;FALSE;0;NA;26/11/2020 03:36;FALSE;;1.33E+18;NA;"<a href=""http://twitter.com/download/android"" rel=""nofollow"">Twitter for Android</a>";dacor_79;178;TRUE;FALSE;NA;NA
julioguzmanperu;@willaxtv @ReadingSignals Algo que decir o responder al candidato de Soto o dice la verdad el silencio otorga… https://t.co/Ym7m98Q09d;FALSE;0;willaxtv;26/11/2020 03:36;TRUE;1.33E+18;1.33E+18;38512990;"<a href=""http://twitter.com/download/android"" rel=""nofollow"">Twitter for Android</a>";Calin_Oficial;0;FALSE;FALSE;NA;NA
julioguzmanperu;RT @demis_ernesto: @julioguzmanperu Tendras autoridad moral para salir a reclamar esto xd;FALSE;0;NA;26/11/2020 03:36;FALSE;;1.33E+18;NA;"<a href=""http://twitter.com/download/android"" rel=""nofollow"">Twitter for Android</a>";vltPrvian;2;TRUE;FALSE;NA;NA
julioguzmanperu;RT @rpdp1998: @julioguzmanperu Y acaso es delito borrar pintas subversivas? ;;;;;;;;;;;;;;;
julioguzmanperu;FALSE;0;NA;26/11/2020 03:36;FALSE;NA;1.33E+18;NA;"<a href=""http://twitter.com/download/android"" rel=""nofollow"">Twitter for Android</a>";vltPrvian;3;;FALSE;;NA;
julioguzmanperu;RT @SofiaEs75112804: Voto por @julioguzmanperu por nuestro candidato presidencial por el @partidomorado y por los ;;;;;;;;;;;;;;;
julioguzmanperu;FALSE;0;NA;26/11/2020 03:35;FALSE;NA;1.33E+18;NA;"<a href=""http://twitter.com/download/iphone"" rel=""nofollow"">Twitter for iPhone</a>";CaudiaAngelica;1;;FALSE;;NA;
julioguzmanperu;RT @APalominoSaa: Para conocimiento de la opinión pública: el día de hoy me encuentro apoyando a @julioguzmanperu en su visita a mi región…;FALSE;0;NA;26/11/2020 03:35;FALSE;;1.33E+18;NA;"<a href=""http://twitter.com/download/iphone"" rel=""nofollow"">Twitter for iPhone</a>";athc9694;45;TRUE;FALSE;NA;NA
julioguzmanperu;RT @GladysVallVal: @julioguzmanperu Pero es que pretendes hacernos creer que lamentas esas muertes?;;;;;;;;;;;;;;;
julioguzmanperu;@GladysVallVal @julioguzmanperu Todos los días tenemos que leer a individuos como tú trolls con poca creatividad y… https://t.co/4QvmrEXvvE;FALSE;0;GladysVallVal;26/11/2020 03:34;TRUE;1.33E+18;1.33E+18;361485194;"<a href=""http://twitter.com/download/android"" rel=""nofollow"">Twitter for Android</a>";JavierM43014515;0;FALSE;FALSE;NA;NA
julioguzmanperu;@julioguzmanperu Que democracia imbe...;FALSE;0;julioguzmanperu;26/11/2020 03:34;FALSE;1.33E+18;1.33E+18;3044790214;"<a href=""http://twitter.com/download/android"" rel=""nofollow"">Twitter for Android</a>";edalfre;0;FALSE;FALSE;NA;NA
julioguzmanperu;@ElmoMorado @partidomorado @julioguzmanperu @suselparedes @FlorPabloMedina Mí voto - 3111;FALSE;2;ElmoMorado;26/11/2020 03:34;FALSE;1.33E+18;1.33E+18;1.33E+18;"<a href=""http://twitter.com/download/android"" rel=""nofollow"">Twitter for Android</a>";RosaSenn2;0;FALSE;FALSE;NA;NA
julioguzmanperu;RT @evytame: @julioguzmanperu Tú eres culpable. Y lo tendrás en tu memoria siempre. Dos vidas se apagaron por tu ambición de poder. Los usa…;FALSE;0;NA;26/11/2020 03:34;FALSE;;1.33E+18;NA;"<a href=""http://twitter.com/download/android"" rel=""nofollow"">Twitter for Android</a>";vltPrvian;1;TRUE;FALSE;NA;NA
julioguzmanperu;RT @Nervio_Vago: @UrsulaMoscoso @julioguzmanperu @FlorPabloMedina No me gusta CLizárraga. No me gusta desde que usó la frase ‘yo no me corr…;FALSE;0;NA;26/11/2020 03:32;FALSE;;1.33E+18;NA;"<a href=""http://twitter.com/download/android"" rel=""nofollow"">Twitter for Android</a>";mchipanah;1;TRUE;FALSE;NA;NA
julioguzmanperu;RT @APalominoSaa: Para conocimiento de la opinión pública: el día de hoy me encuentro apoyando a @julioguzmanperu en su visita a mi región…;FALSE;0;NA;26/11/2020 03:32;FALSE;;1.33E+18;NA;"<a href=""http://twitter.com/download/android"" rel=""nofollow"">Twitter for Android</a>";frank99385130;45;TRUE;FALSE;NA;NA
julioguzmanperu;RT @Francis_AGS: @APalominoSaa @julioguzmanperu @partidomorado Es correcto no cobrar por el trabajo que no hace, pero eso no hace que sea c…;FALSE;0;NA;26/11/2020 03:30;FALSE;;1.33E+18;NA;"<a href=""http://www.samruston.co.uk"" rel=""nofollow"">Flamingo for Android</a>";heduardo_suarez;2;TRUE;FALSE;NA;NA
julioguzmanperu;@julioguzmanperu Y cuál sería el delito ?;FALSE;0;julioguzmanperu;26/11/2020 03:30;FALSE;1.33E+18;1.33E+18;3044790214;"<a href=""http://twitter.com/download/iphone"" rel=""nofollow"">Twitter for iPhone</a>";Renzo17al;0;FALSE;FALSE;NA;NA
julioguzmanperu;RT @LishaPalau: @APalominoSaa @julioguzmanperu @partidomorado Debería de estar trabajando y no haciendo campaña.   Aunque sea sin goce de h…;FALSE;0;NA;26/11/2020 03:30;FALSE;;1.33E+18;NA;"<a href=""http://www.samruston.co.uk"" rel=""nofollow"">Flamingo for Android</a>";heduardo_suarez;1;TRUE;FALSE;NA;NA
julioguzmanperu;RT @julioguzmanperu: Atentar contra el mural de Inti y Bryan es atentar contra su memoria y la valentía de miles de jóvenes que marcharon p…;FALSE;0;NA;26/11/2020 03:30;FALSE;;1.33E+18;NA;"<a href=""http://twitter.com/download/android"" rel=""nofollow"">Twitter for Android</a>";pujaja;178;TRUE;FALSE;NA;NA
julioguzmanperu;RT @APalominoSaa: Para conocimiento de la opinión pública: el día de hoy me encuentro apoyando a @julioguzmanperu en su visita a mi región…;FALSE;0;NA;26/11/2020 03:30;FALSE;;1.33E+18;NA;"<a href=""http://www.samruston.co.uk"" rel=""nofollow"">Flamingo for Android</a>";heduardo_suarez;45;TRUE;FALSE;NA;NA
julioguzmanperu;@agildemeisterrh @partidomorado @julioguzmanperu @FlorPabloMedina @FiscaliaPeru Hasta hace poco, antes de ser titul… https://t.co/qnqRKFp2WJ;FALSE;5;agildemeisterrh;26/11/2020 03:29;TRUE;1.33E+18;1.33E+18;1299836526;"<a href=""http://twitter.com/download/android"" rel=""nofollow"">Twitter for Android</a>";RafaelRomeroVas;1;FALSE;FALSE;NA;NA
julioguzmanperu;@ExpresoPeru @George_Forsyth @julioguzmanperu #urresti #IDL ahí les hablan...;FALSE;1;ExpresoPeru;26/11/2020 03:29;FALSE;1.33E+18;1.33E+18;225232891;"<a href=""http://twitter.com/download/android"" rel=""nofollow"">Twitter for Android</a>";ErXabi;0;FALSE;FALSE;NA;NA
julioguzmanperu;@alonso_jacs @Francis_AGS @APalominoSaa @julioguzmanperu @partidomorado El trabajo de congresista es a tiempo compl… https://t.co/REqKfBEFya;FALSE;3;alonso_jacs;26/11/2020 03:29;TRUE;1.33E+18;1.33E+18;45161044;"<a href=""http://twitter.com/download/android"" rel=""nofollow"">Twitter for Android</a>";alver37;0;FALSE;FALSE;NA;NA
julioguzmanperu;RT @APalominoSaa: Para conocimiento de la opinión pública: el día de hoy me encuentro apoyando a @julioguzmanperu en su visita a mi región…;FALSE;0;NA;26/11/2020 03:29;FALSE;;1.33E+18;NA;"<a href=""http://twitter.com/download/android"" rel=""nofollow"">Twitter for Android</a>";mediosperuanos;45;TRUE;FALSE;NA;NA
julioguzmanperu;@APalominoSaa @julioguzmanperu @partidomorado Usar su imagen de congresista para hacer campaña electoral en favor d… https://t.co/KtiKoYwAQX;FALSE;1;APalominoSaa;26/11/2020 03:28;TRUE;1.33E+18;1.33E+18;1.13E+18;"<a href=""http://twitter.com/download/android"" rel=""nofollow"">Twitter for Android</a>";LishaPalau;0;FALSE;FALSE;NA;NA
julioguzmanperu;@Sumacflores @APalominoSaa @lismelendezpm @julioguzmanperu @partidomorado Los políticos no se les puede prohibir hacer política.;FALSE;9;Sumacflores;26/11/2020 03:28;FALSE;1.33E+18;1.33E+18;7.40E+17;"<a href=""https://mobile.twitter.com"" rel=""nofollow"">Twitter Web App</a>";MusashiSimon;0;FALSE;FALSE;NA;NA
julioguzmanperu;RT @RafaelRomeroVas: Problemas dentro del @partidomorado. Pedro Gamio dice que no hay una cancha plana y que estaría inclinada a favor de @…;FALSE;0;NA;26/11/2020 03:27;FALSE;;1.33E+18;NA;"<a href=""http://twitter.com/download/android"" rel=""nofollow"">Twitter for Android</a>";PedroNavarroSa3;41;TRUE;FALSE;NA;NA
julioguzmanperu;@APalominoSaa @julioguzmanperu @partidomorado Con todo y con fe !!!;FALSE;2;APalominoSaa;26/11/2020 03:27;FALSE;1.33E+18;1.33E+18;1.13E+18;"<a href=""http://twitter.com/download/android"" rel=""nofollow"">Twitter for Android</a>";johncuestas78;0;FALSE;FALSE;NA;NA
julioguzmanperu;@APalominoSaa @julioguzmanperu @partidomorado ¡excelente, Sra. Congresista!;FALSE;2;APalominoSaa;26/11/2020 03:27;FALSE;1.33E+18;1.33E+18;1.13E+18;"<a href=""https://mobile.twitter.com"" rel=""nofollow"">Twitter Web App</a>";luisandrechl;0;FALSE;FALSE;NA;NA
julioguzmanperu;RT @APalominoSaa: Para conocimiento de la opinión pública: el día de hoy me encuentro apoyando a @julioguzmanperu en su visita a mi región…;FALSE;0;NA;26/11/2020 03:26;FALSE;;1.33E+18;NA;"<a href=""http://twitter.com/download/android"" rel=""nofollow"">Twitter for Android</a>";edalusicarus;45;TRUE;FALSE;NA;NA
julioguzmanperu;@APalominoSaa @julioguzmanperu @partidomorado Es lo correcto <U+0001F44D><U+0001F3FB>;FALSE;1;APalominoSaa;26/11/2020 03:26;FALSE;1.33E+18;1.33E+18;1.13E+18;"<a href=""http://twitter.com/download/iphone"" rel=""nofollow"">Twitter for iPhone</a>";armandoad;0;FALSE;FALSE;NA;NA
julioguzmanperu;RT @agildemeisterrh: @RafaelRomeroVas @partidomorado @julioguzmanperu @FlorPabloMedina @FiscaliaPeru Perdón, pero Pedro Gamio no era aprist…;FALSE;0;NA;26/11/2020 03:25;FALSE;;1.33E+18;NA;"<a href=""http://twitter.com/download/android"" rel=""nofollow"">Twitter for Android</a>";RafaelRomeroVas;2;TRUE;FALSE;NA;NA
julioguzmanperu;@RafaelRomeroVas @partidomorado @julioguzmanperu @FlorPabloMedina @FiscaliaPeru Perdón, pero Pedro Gamio no era apr… https://t.co/jsAwLeOl5D;FALSE;5;RafaelRomeroVas;26/11/2020 03:25;TRUE;1.33E+18;1.33E+18;169299339;"<a href=""http://twitter.com/download/android"" rel=""nofollow"">Twitter for Android</a>";agildemeisterrh;2;FALSE;FALSE;NA;NA
julioguzmanperu;RT @DavidBecerraA: @COBRA645 @julioguzmanperu @elhigadodmarita @gildatrkovic @Horizonte1111 @Conanacen @alvarosarco @Patricia_Neyra @elviso…;FALSE;0;NA;26/11/2020 03:24;FALSE;;1.33E+18;NA;"<a href=""http://twitter.com/download/android"" rel=""nofollow"">Twitter for Android</a>";GP00149547;2;TRUE;FALSE;NA;NA
julioguzmanperu;RT @COBRA645: @julioguzmanperu Pero entonces porque no pintas la fachada de tu casa total tu fuiste el que los puso en esas marchas asume c…;FALSE;0;NA;26/11/2020 03:24;FALSE;;1.33E+18;NA;"<a href=""http://twitter.com/download/android"" rel=""nofollow"">Twitter for Android</a>";GP00149547;7;TRUE;FALSE;NA;NA
julioguzmanperu;RT @polocrema8: @1Ricper @julioguzmanperu Rosquete correlon mantenido;FALSE;0;NA;26/11/2020 03:24;FALSE;;1.33E+18;NA;"<a href=""http://twitter.com/download/android"" rel=""nofollow"">Twitter for Android</a>";GP00149547;2;TRUE;FALSE;NA;NA
julioguzmanperu;RT @UrsulaMoscoso: El pedido de Carolina Lizárraga ha sido archivado. Las internas se ganan en la cancha, con respaldo de las bases. Ahí no…;FALSE;0;NA;26/11/2020 03:22;FALSE;;1.33E+18;NA;"<a href=""http://twitter.com/download/android"" rel=""nofollow"">Twitter for Android</a>";lescribas;55;TRUE;FALSE;NA;NA
julioguzmanperu;RT @APalominoSaa: Para conocimiento de la opinión pública: el día de hoy me encuentro apoyando a @julioguzmanperu en su visita a mi región…;FALSE;0;NA;26/11/2020 03:21;FALSE;;1.33E+18;NA;"<a href=""http://twitter.com/download/android"" rel=""nofollow"">Twitter for Android</a>";harrygordillo;45;TRUE;FALSE;NA;NA
julioguzmanperu;@LishaPalau @julioguzmanperu @partidomorado Felizmente somos 8 en mi despacho. No creo en el trabajo personalista,… https://t.co/2twXOJ1jav;FALSE;26;LishaPalau;26/11/2020 03:21;TRUE;1.33E+18;1.33E+18;2342962501;"<a href=""http://twitter.com/download/android"" rel=""nofollow"">Twitter for Android</a>";APalominoSaa;0;FALSE;FALSE;NA;NA
julioguzmanperu;RT @eliodandy: Un apestado... Parece que ni su socio @julioguzmanperu lo quiere en su partido al CORRUPTO @MartinVizcarraC ;;;;;;;;;;;;;;;
julioguzmanperu;FALSE;0;NA;26/11/2020 03:20;FALSE;NA;1.33E+18;NA;"<a href=""http://twitter.com/download/iphone"" rel=""nofollow"">Twitter for iPhone</a>";SaulSumari;2;;FALSE;;NA;
julioguzmanperu;RT @UrsulaMoscoso: El pedido de Carolina Lizárraga ha sido archivado. Las internas se ganan en la cancha, con respaldo de las bases. Ahí no…;FALSE;0;NA;26/11/2020 03:20;FALSE;;1.33E+18;NA;"<a href=""http://twitter.com/download/iphone"" rel=""nofollow"">Twitter for iPhone</a>";ISialer;55;TRUE;FALSE;NA;NA
julioguzmanperu;@chore346 @julioguzmanperu @partidomorado Gracias por tu comentario. Si sigues mi trabajo verás que en ningún momen… https://t.co/ty5FgmZLB2;FALSE;28;chore346;26/11/2020 03:18;TRUE;1.33E+18;1.33E+18;117117885;"<a href=""http://twitter.com/download/android"" rel=""nofollow"">Twitter for Android</a>";APalominoSaa;0;FALSE;FALSE;NA;NA
julioguzmanperu;A todo esto y hablando de justicia y un mejor país, que fue de las investigaciones contra @julioguzmanperu por los… https://t.co/u92e7iSqEC;FALSE;0;NA;26/11/2020 03:18;TRUE;;1.33E+18;NA;"<a href=""http://twitter.com/download/iphone"" rel=""nofollow"">Twitter for iPhone</a>";lojustopetio;0;FALSE;FALSE;NA;NA
julioguzmanperu;Espero q ahora LA RESISTENCIA de Keiko no lo vuelva a destruir!;;;;;;;;;;;;;;;
julioguzmanperu;;;;;;;;;;;;;;;;
julioguzmanperu;;;;;;;;;;;;;;;;
julioguzmanperu;FALSE;0;NA;26/11/2020 03:18;TRUE;NA;1.33E+18;NA;"<a href=""https://mobile.twitter.com"" rel=""nofollow"">Twitter Web App</a>";Succso2016;0;;FALSE;;NA;
julioguzmanperu;Si es eliminar sueldo QUE SEA PARA TODOS POR IGUAL!;;;;;;;;;;;;;;;
julioguzmanperu;;;;;;;;;;;;;;;;
julioguzmanperu;;;;;;;;;;;;;;;;
julioguzmanperu;FALSE;0;NA;26/11/2020 03:17;TRUE;NA;1.33E+18;NA;"<a href=""https://mobile.twitter.com"" rel=""nofollow"">Twitter Web App</a>";Succso2016;0;;FALSE;;NA;
julioguzmanperu;RT @Anac_vm: @UrsulaMoscoso @julioguzmanperu @FlorPabloMedina Úrsula, Carolina Lizárraga es la terna del Aprismo. Nunca me inspiró confianz…;FALSE;0;NA;26/11/2020 03:16;FALSE;;1.33E+18;NA;"<a href=""https://mobile.twitter.com"" rel=""nofollow"">Twitter Web App</a>";Paolamar_t;3;TRUE;FALSE;NA;NA
julioguzmanperu;RT @Irucanyi2: @RafaelRomeroVas @partidomorado @julioguzmanperu @FlorPabloMedina @FiscaliaPeru Y correlon Guzman investigado por lavado de…;FALSE;0;NA;26/11/2020 03:15;FALSE;;1.33E+18;NA;"<a href=""http://twitter.com/download/android"" rel=""nofollow"">Twitter for Android</a>";RafaelRomeroVas;2;TRUE;FALSE;NA;NA
julioguzmanperu;@julioguzmanperu Lamentable la acción de elementos con estas acciones que no valoran las acciones de jóvenes alzaro… https://t.co/YwBXEVnSRF;FALSE;0;julioguzmanperu;26/11/2020 03:15;TRUE;1.33E+18;1.33E+18;3044790214;"<a href=""http://twitter.com/download/android"" rel=""nofollow"">Twitter for Android</a>";julian_vilca;0;FALSE;FALSE;NA;NA
julioguzmanperu;RT @ElmoMorado: Amiguitos de Lima. Elmo-rado les enseña a votar bien. Este 29 de Noviembre, en los 4 recuadros que veas escribe: 3-1-1-1. P…;FALSE;0;NA;26/11/2020 03:14;FALSE;;1.33E+18;NA;"<a href=""https://mobile.twitter.com"" rel=""nofollow"">Twitter Web App</a>";purplelightperu;8;TRUE;FALSE;NA;NA
julioguzmanperu;EN PERÚ EL @Poder_Judicial_ ESTA PODRIDO!;;;;;;;;;;;;;;;
julioguzmanperu;;;;;;;;;;;;;;;;
julioguzmanperu;;;;;;;;;;;;;;;;
julioguzmanperu;FALSE;0;NA;26/11/2020 03:13;TRUE;NA;1.33E+18;NA;"<a href=""https://mobile.twitter.com"" rel=""nofollow"">Twitter Web App</a>";Succso2016;0;;FALSE;;NA;
julioguzmanperu;RT @Anac_vm: @UrsulaMoscoso @julioguzmanperu @FlorPabloMedina Úrsula, Carolina Lizárraga es la terna del Aprismo. Nunca me inspiró confianz…;FALSE;0;NA;26/11/2020 03:13;FALSE;;1.33E+18;NA;"<a href=""http://twitter.com/download/android"" rel=""nofollow"">Twitter for Android</a>";cristinaq;3;TRUE;FALSE;NA;NA
julioguzmanperu;RT @UrsulaMoscoso: El pedido de Carolina Lizárraga ha sido archivado. Las internas se ganan en la cancha, con respaldo de las bases. Ahí no…;FALSE;0;NA;26/11/2020 03:11;FALSE;;1.33E+18;NA;"<a href=""http://twitter.com/download/android"" rel=""nofollow"">Twitter for Android</a>";davidashcallay;55;TRUE;FALSE;NA;NA
julioguzmanperu;@julioguzmanperu Es un asunto de jóvenes ,;FALSE;0;julioguzmanperu;26/11/2020 03:11;FALSE;1.33E+18;1.33E+18;3044790214;"<a href=""http://twitter.com/download/iphone"" rel=""nofollow"">Twitter for iPhone</a>";ThorsenJose;0;FALSE;FALSE;NA;NA
julioguzmanperu;@RafaelRomeroVas @partidomorado @julioguzmanperu @FlorPabloMedina @FiscaliaPeru Y correlon Guzman investigado por lavado de activos;FALSE;4;RafaelRomeroVas;26/11/2020 03:10;FALSE;1.33E+18;1.33E+18;169299339;"<a href=""http://twitter.com/download/iphone"" rel=""nofollow"">Twitter for iPhone</a>";Irucanyi2;2;FALSE;FALSE;NA;NA
julioguzmanperu;RT @RafaelRomeroVas: Problemas dentro del @partidomorado. Pedro Gamio dice que no hay una cancha plana y que estaría inclinada a favor de @…;FALSE;0;NA;26/11/2020 03:08;FALSE;;1.33E+18;NA;"<a href=""http://twitter.com/download/iphone"" rel=""nofollow"">Twitter for iPhone</a>";RipoRicardo;41;TRUE;FALSE;NA;NA
julioguzmanperu;RT @julioguzmanperu: Atentar contra el mural de Inti y Bryan es atentar contra su memoria y la valentía de miles de jóvenes que marcharon p…;FALSE;0;NA;26/11/2020 03:08;FALSE;;1.33E+18;NA;"<a href=""http://twitter.com/download/android"" rel=""nofollow"">Twitter for Android</a>";jervisparedes;178;TRUE;FALSE;NA;NA
julioguzmanperu;@julioguzmanperu Ya estan identificados. Corresponde a las autoridades dictar prision preventiva antes que   tomemo… https://t.co/I06GmI9ZsS;FALSE;0;julioguzmanperu;26/11/2020 03:07;TRUE;1.33E+18;1.33E+18;3044790214;"<a href=""http://twitter.com/download/android"" rel=""nofollow"">Twitter for Android</a>";odraudenamzug;0;FALSE;FALSE;NA;NA
julioguzmanperu;INDIGNANTE;;;;;;;;;;;;;;;
julioguzmanperu;;;;;;;;;;;;;;;;
julioguzmanperu;@APalominoSaa @julioguzmanperu @partidomorado No puede estar en dos lugares al mismo tiempo. ;;;;;;;;;;;;;;;
julioguzmanperu;" pero  hacer… https://t.co/SLwRxqXlHl""";FALSE;1;APalominoSaa;26/11/2020 03:06;TRUE;1.33E+18;1.33E+18;1.13E+18;"<a href=""http://twitter.com/download/android"" rel=""nofollow"">Twitter for Android</a>";LishaPalau;0;FALSE;FALSE;NA;NA
julioguzmanperu;@julioguzmanperu Por cada mural que los extremistas de derecha borren, la generación del Bicentenario pintará 10 má… https://t.co/QLgTVnhAjw;FALSE;0;julioguzmanperu;26/11/2020 03:05;TRUE;1.33E+18;1.33E+18;3044790214;"<a href=""https://mobile.twitter.com"" rel=""nofollow"">Twitter Web App</a>";ManuelFernndez7;0;FALSE;FALSE;NA;NA
julioguzmanperu;RT @RafaelRomeroVas: Problemas dentro del @partidomorado. Pedro Gamio dice que no hay una cancha plana y que estaría inclinada a favor de @…;FALSE;0;NA;26/11/2020 03:05;FALSE;;1.33E+18;NA;"<a href=""http://twitter.com/download/android"" rel=""nofollow"">Twitter for Android</a>";Aldito192;41;TRUE;FALSE;NA;NA
julioguzmanperu;Nuestro sistema de salud muy PESIMO!;;;;;;;;;;;;;;;
julioguzmanperu;;;;;;;;;;;;;;;;
julioguzmanperu;FALSE;0;NA;26/11/2020 03:05;TRUE;NA;1.33E+18;NA;"<a href=""https://mobile.twitter.com"" rel=""nofollow"">Twitter Web App</a>";Succso2016;0;;;;;
julioguzmanperu;RT @julioguzmanperu: Atentar contra el mural de Inti y Bryan es atentar contra su memoria y la valentía de miles de jóvenes que marcharon p…;FALSE;0;NA;26/11/2020 03:03;FALSE;;1.33E+18;NA;"<a href=""http://twitter.com/download/android"" rel=""nofollow"">Twitter for Android</a>";LuzmitadelMar;178;TRUE;FALSE;NA;NA
julioguzmanperu;RT @RafaelRomeroVas: Problemas dentro del @partidomorado. Pedro Gamio dice que no hay una cancha plana y que estaría inclinada a favor de @…;FALSE;0;NA;26/11/2020 03:01;FALSE;;1.33E+18;NA;"<a href=""http://twitter.com/download/android"" rel=""nofollow"">Twitter for Android</a>";3001rafa;41;TRUE;FALSE;NA;NA
julioguzmanperu;RT @RafaelRomeroVas: Problemas dentro del @partidomorado. Pedro Gamio dice que no hay una cancha plana y que estaría inclinada a favor de @…;FALSE;0;NA;26/11/2020 03:00;FALSE;;1.33E+18;NA;"<a href=""https://mobile.twitter.com"" rel=""nofollow"">Twitter Web App</a>";grillo_marino;41;TRUE;FALSE;NA;NA
julioguzmanperu;RT @carranzeus: @julioguzmanperu https://t.co/Vqp4Cj9bPj;;;;;;;;;;;;;;;
julioguzmanperu;FALSE;0;NA;26/11/2020 03:00;FALSE;NA;1.33E+18;NA;"<a href=""https://mobile.twitter.com"" rel=""nofollow"">Twitter Web App</a>";carranzeus;1;;FALSE;;NA;
julioguzmanperu;<U+0001F30D> #STREAMING: https://t.co/jqHQWsmitM;;;;;;;;;;;;;;;
julioguzmanperu;;;;;;;;;;;;;;;;
julioguzmanperu;;;;;;;;;;;;;;;;
julioguzmanperu;FALSE;9;NA;26/11/2020 03:00;TRUE;NA;1.33E+18;NA;"<a href=""https://about.twitter.com/products/tweetdeck"" rel=""nofollow"">TweetDeck</a>";PBOPeru;0;;FALSE;;NA;
julioguzmanperu;@julioguzmanperu https://t.co/Vqp4Cj9bPj;;;;;;;;;;;;;;;
julioguzmanperu;FALSE;1;julioguzmanperu;26/11/2020 02:59;FALSE;1.33E+18;1.33E+18;3044790214;"<a href=""https://mobile.twitter.com"" rel=""nofollow"">Twitter Web App</a>";carranzeus;1;;FALSE;;NA;
julioguzmanperu;RT @julioguzmanperu: Atentar contra el mural de Inti y Bryan es atentar contra su memoria y la valentía de miles de jóvenes que marcharon p…;FALSE;0;NA;26/11/2020 02:58;FALSE;;1.33E+18;NA;"<a href=""http://twitter.com/download/android"" rel=""nofollow"">Twitter for Android</a>";EstelaMelchor6;178;TRUE;FALSE;NA;NA
julioguzmanperu;RT @ElmoMorado: ¡Hola Morados @partidomorado! ESTE 29 VOTA 3-1-1-1 #LaListaDeLaUnidad @julioguzmanperu @suselparedes @FlorPabloMedina https…;FALSE;0;NA;26/11/2020 02:56;FALSE;;1.33E+18;NA;"<a href=""http://twitter.com/download/android"" rel=""nofollow"">Twitter for Android</a>";zicozocialvol2;21;TRUE;FALSE;NA;NA
julioguzmanperu;@RafaelRomeroVas @partidomorado @julioguzmanperu @FlorPabloMedina @FiscaliaPeru Lizarraga es un topo aprista y sigu… https://t.co/6PO7LTsaOv;FALSE;2;RafaelRomeroVas;26/11/2020 02:56;TRUE;1.33E+18;1.33E+18;169299339;"<a href=""http://twitter.com/download/iphone"" rel=""nofollow"">Twitter for iPhone</a>";juanmsanchez;2;FALSE;FALSE;NA;NA
julioguzmanperu;RT @RafaelRomeroVas: Problemas dentro del @partidomorado. Pedro Gamio dice que no hay una cancha plana y que estaría inclinada a favor de @…;FALSE;0;NA;26/11/2020 02:54;FALSE;;1.33E+18;NA;"<a href=""http://twitter.com/download/android"" rel=""nofollow"">Twitter for Android</a>";ronnyrosales8;41;TRUE;FALSE;NA;NA
julioguzmanperu;@julioguzmanperu que esperas??? Tu gritabas a los 4 vientos que no llevabas este tipo de gente en tu partido! Es tu… https://t.co/T7HGVSJMEa;FALSE;0;julioguzmanperu;26/11/2020 02:53;TRUE;;1.33E+18;3044790214;"<a href=""http://twitter.com/download/iphone"" rel=""nofollow"">Twitter for iPhone</a>";Directo2217;0;FALSE;FALSE;NA;NA
julioguzmanperu;@APalominoSaa @julioguzmanperu @partidomorado Significa que está haciendo campaña mientras estamos en crisis sanita… https://t.co/aWtF9DIbtf;FALSE;1;APalominoSaa;26/11/2020 02:53;TRUE;1.33E+18;1.33E+18;1.13E+18;"<a href=""http://twitter.com/download/android"" rel=""nofollow"">Twitter for Android</a>";chore346;1;FALSE;FALSE;NA;NA
julioguzmanperu;@LishaPalau @julioguzmanperu @partidomorado Gracias por su consejo, quiero que sepa que nunca descuido mis obligaci… https://t.co/TvWpgUoqOR;FALSE;58;LishaPalau;26/11/2020 02:51;TRUE;1.33E+18;1.33E+18;2342962501;"<a href=""http://twitter.com/download/android"" rel=""nofollow"">Twitter for Android</a>";APalominoSaa;1;FALSE;FALSE;NA;NA
